,Epoch,Loss,Time
0,1,4.4424943923950195,0.9914650917053223
1,2,4.356904029846191,0.6062939167022705
2,3,4.274049758911133,0.6052770614624023
3,4,4.193319320678711,0.6029047966003418
4,5,4.114276885986328,0.6033260822296143
5,6,4.036653995513916,0.6024830341339111
6,7,3.96036434173584,0.6062772274017334
7,8,3.8855228424072266,0.6107118129730225
8,9,3.8124430179595947,0.6161940097808838
9,10,3.741610288619995,0.6059110164642334
10,11,3.673640251159668,0.6144237518310547
11,12,3.6092076301574707,0.6199250221252441
12,13,3.5489721298217773,0.6106328964233398
13,14,3.493494987487793,0.6088168621063232
14,15,3.4431657791137695,0.6134622097015381
15,16,3.3981573581695557,0.6229109764099121
16,17,3.3583998680114746,0.6195230484008789
17,18,3.3235905170440674,0.6220059394836426
18,19,3.293220043182373,0.6274816989898682
19,20,3.26662015914917,0.6197290420532227
20,21,3.2430312633514404,0.6275510787963867
21,22,3.2216804027557373,0.6243500709533691
22,23,3.20186710357666,0.6341860294342041
23,24,3.1830320358276367,0.6334068775177002
24,25,3.1647965908050537,0.6321940422058105
25,26,3.1469712257385254,0.6259431838989258
26,27,3.1295223236083984,0.6306209564208984
27,28,3.112520933151245,0.6309928894042969
28,29,3.096085548400879,0.6284489631652832
29,30,3.080327272415161,0.6351759433746338
30,31,3.0653116703033447,0.6431689262390137
31,32,3.0510387420654297,0.6371829509735107
32,33,3.037452459335327,0.6340072154998779
33,34,3.0244626998901367,0.6394181251525879
34,35,3.0119731426239014,0.6454439163208008
35,36,2.9999046325683594,0.6449720859527588
36,37,2.988204002380371,0.6434059143066406
37,38,2.976850986480713,0.6473510265350342
38,39,2.965850353240967,0.6396200656890869
39,40,2.9552228450775146,0.6408710479736328
40,41,2.944992780685425,0.6507408618927002
41,42,2.9351725578308105,0.639369010925293
42,43,2.925760269165039,0.6492938995361328
43,44,2.9167323112487793,0.6509010791778564
44,45,2.908052444458008,0.6472141742706299
45,46,2.89967679977417,0.6526150703430176
46,47,2.8915648460388184,0.6520180702209473
47,48,2.8836874961853027,0.6569619178771973
48,49,2.8760266304016113,0.6532747745513916
49,50,2.868577241897583,0.6508870124816895
50,51,2.861339807510376,0.6480093002319336
51,52,2.8543148040771484,0.6578531265258789
52,53,2.84749698638916,0.6606228351593018
53,54,2.840876340866089,0.6598539352416992
54,55,2.8344357013702393,0.6555349826812744
55,56,2.8281564712524414,0.6625699996948242
56,57,2.8220207691192627,0.6549627780914307
57,58,2.816016435623169,0.6585068702697754
58,59,2.8101353645324707,0.6662228107452393
59,60,2.804375171661377,0.6609892845153809
60,61,2.798733711242676,0.6578078269958496
61,62,2.79321026802063,0.664567232131958
62,63,2.787799596786499,0.6629188060760498
63,64,2.7824933528900146,0.6631889343261719
64,65,2.777282953262329,0.6664659976959229
65,66,2.772158145904541,0.6549868583679199
66,67,2.7671115398406982,0.66910719871521
67,68,2.7621378898620605,0.6711280345916748
68,69,2.757234811782837,0.6710970401763916
69,70,2.7524023056030273,0.6665210723876953
70,71,2.7476396560668945,0.6728010177612305
71,72,2.7429451942443848,0.6593809127807617
72,73,2.7383170127868652,0.6851100921630859
73,74,2.7337515354156494,0.6738080978393555
74,75,2.729245662689209,0.6734778881072998
75,76,2.7247965335845947,0.6818711757659912
76,77,2.7204012870788574,0.667639970779419
77,78,2.7160580158233643,0.6725382804870605
78,79,2.711763620376587,0.6763317584991455
79,80,2.7075161933898926,0.6762492656707764
80,81,2.7033121585845947,0.6672780513763428
81,82,2.6991496086120605,0.6568179130554199
82,83,2.69502592086792,0.6749439239501953
83,84,2.690938711166382,0.6775829792022705
84,85,2.686886787414551,0.6650979518890381
85,86,2.682868480682373,0.68235182762146
86,87,2.678882122039795,0.6870450973510742
87,88,2.6749255657196045,0.675771951675415
88,89,2.6709964275360107,0.6844580173492432
89,90,2.6670939922332764,0.6828432083129883
90,91,2.663215160369873,0.6750712394714355
91,92,2.659360647201538,0.6829738616943359
92,93,2.6555285453796387,0.6868400573730469
93,94,2.651718854904175,0.6777870655059814
94,95,2.647930860519409,0.6770360469818115
95,96,2.644162893295288,0.686359167098999
96,97,2.6404144763946533,0.6784038543701172
97,98,2.6366846561431885,0.7377662658691406
98,99,2.632972240447998,0.6849489212036133
99,100,2.6292765140533447,0.67812180519104
100,101,2.6255972385406494,0.6937582492828369
101,102,2.6219327449798584,0.6943159103393555
102,103,2.6182823181152344,0.6842532157897949
103,104,2.614645481109619,0.6753780841827393
104,105,2.611020565032959,0.6736948490142822
105,106,2.607407569885254,0.6952791213989258
106,107,2.6038050651550293,0.7191071510314941
107,108,2.6002132892608643,0.7125639915466309
108,109,2.5966310501098633,0.694572925567627
109,110,2.5930583477020264,0.6832618713378906
110,111,2.5894951820373535,0.6918900012969971
111,112,2.585939645767212,0.7032170295715332
112,113,2.5823919773101807,0.6969559192657471
113,114,2.578852653503418,0.6861059665679932
114,115,2.575319290161133,0.6945168972015381
115,116,2.571793556213379,0.6950159072875977
116,117,2.5682740211486816,0.6867332458496094
117,118,2.564760446548462,0.6831660270690918
118,119,2.5612525939941406,0.6904881000518799
119,120,2.5577497482299805,0.6859579086303711
120,121,2.5542526245117188,0.6897861957550049
121,122,2.55076003074646,0.6852631568908691
122,123,2.5472724437713623,0.7015371322631836
123,124,2.5437891483306885,0.6973729133605957
124,125,2.5403103828430176,0.6884920597076416
125,126,2.5368363857269287,0.7112607955932617
126,127,2.5333662033081055,0.6891148090362549
127,128,2.529900074005127,0.6867928504943848
128,129,2.526437520980835,0.6908040046691895
129,130,2.522979497909546,0.6933720111846924
130,131,2.5195248126983643,0.6961069107055664
131,132,2.5160741806030273,0.6954050064086914
132,133,2.512627363204956,0.6999807357788086
133,134,2.5091841220855713,0.702056884765625
134,135,2.505744218826294,0.6976339817047119
135,136,2.5023083686828613,0.6995222568511963
136,137,2.4988760948181152,0.7050886154174805
137,138,2.4954473972320557,0.6972570419311523
138,139,2.4920225143432617,0.7048389911651611
139,140,2.4886014461517334,0.6997058391571045
140,141,2.4851841926574707,0.7013611793518066
141,142,2.4817705154418945,0.7115561962127686
142,143,2.478360652923584,0.7626218795776367
143,144,2.474954843521118,0.7795310020446777
144,145,2.471553087234497,0.7856080532073975
145,146,2.4681549072265625,0.7643420696258545
146,147,2.4647605419158936,0.7309460639953613
147,148,2.4613704681396484,0.7352449893951416
148,149,2.457984685897827,0.7216320037841797
149,150,2.4546031951904297,0.7329490184783936
150,151,2.451225519180298,0.7398149967193604
151,152,2.447852611541748,0.743394136428833
152,153,2.444483757019043,0.7454218864440918
153,154,2.4411189556121826,0.7541360855102539
154,155,2.437758684158325,0.742530107498169
155,156,2.434403419494629,0.73114013671875
156,157,2.4310524463653564,0.7303292751312256
157,158,2.427705764770508,0.731259822845459
158,159,2.4243640899658203,0.7334821224212646
159,160,2.4210269451141357,0.7274730205535889
160,161,2.417694568634033,0.7327702045440674
161,162,2.4143667221069336,0.7351658344268799
162,163,2.411044120788574,0.7321789264678955
163,164,2.4077260494232178,0.7388300895690918
164,165,2.4044129848480225,0.7378721237182617
165,166,2.4011051654815674,0.7316341400146484
166,167,2.3978023529052734,0.7388091087341309
167,168,2.3945043087005615,0.7292511463165283
168,169,2.39121150970459,0.7361910343170166
169,170,2.3879239559173584,0.7301158905029297
170,171,2.3846418857574463,0.7312791347503662
171,172,2.3813650608062744,0.7364940643310547
172,173,2.378093719482422,0.7397501468658447
173,174,2.3748278617858887,0.7402799129486084
174,175,2.3715670108795166,0.7449641227722168
175,176,2.368312358856201,0.7446432113647461
176,177,2.365063190460205,0.7464151382446289
177,178,2.3618197441101074,0.7461059093475342
178,179,2.358582019805908,0.7369441986083984
179,180,2.3553504943847656,0.7425408363342285
180,181,2.3521244525909424,0.740056037902832
181,182,2.348904609680176,0.7518742084503174
182,183,2.345691204071045,0.7393589019775391
183,184,2.3424839973449707,0.7451097965240479
184,185,2.339282751083374,0.7465238571166992
185,186,2.336088180541992,0.7417137622833252
186,187,2.332900047302246,0.7413079738616943
187,188,2.329718828201294,0.7335729598999023
188,189,2.3265438079833984,0.7456691265106201
189,190,2.323375701904297,0.7373180389404297
190,191,2.3202145099639893,0.7427699565887451
191,192,2.3170604705810547,0.7390141487121582
192,193,2.313913106918335,0.7467930316925049
193,194,2.3107736110687256,0.7616209983825684
194,195,2.3076412677764893,0.7506840229034424
195,196,2.304516077041626,0.7467489242553711
196,197,2.301398277282715,0.7436740398406982
197,198,2.298288583755493,0.7429790496826172
198,199,2.2951862812042236,0.7420632839202881
199,200,2.2920918464660645,0.751107931137085
200,201,2.2890052795410156,0.7471308708190918
201,202,2.2859268188476562,0.7495911121368408
202,203,2.2828564643859863,0.7464509010314941
203,204,2.279794454574585,0.7427849769592285
204,205,2.276740789413452,0.7552258968353271
205,206,2.273695945739746,0.7465090751647949
206,207,2.2706592082977295,0.7512950897216797
207,208,2.2676312923431396,0.7405309677124023
208,209,2.2646121978759766,0.7541399002075195
209,210,2.2616019248962402,0.7529878616333008
210,211,2.2586007118225098,0.7582509517669678
211,212,2.255608558654785,0.7605788707733154
212,213,2.2526252269744873,0.7677979469299316
213,214,2.2496516704559326,0.7653238773345947
214,215,2.2466869354248047,0.7664031982421875
215,216,2.243732213973999,0.7695140838623047
216,217,2.240786552429199,0.7853178977966309
217,218,2.2378506660461426,0.7809789180755615
218,219,2.234924793243408,0.787243127822876
219,220,2.2320079803466797,0.7907178401947021
220,221,2.2291016578674316,0.7936270236968994
221,222,2.2262043952941895,0.8002989292144775
222,223,2.223318099975586,0.7888369560241699
223,224,2.2204413414001465,0.799353837966919
224,225,2.2175745964050293,0.8055100440979004
225,226,2.2147183418273926,0.7979600429534912
226,227,2.2118723392486572,0.8089442253112793
227,228,2.209036111831665,0.8062779903411865
228,229,2.2062106132507324,0.8176238536834717
229,230,2.203395366668701,0.8800866603851318
230,231,2.2005903720855713,0.8211359977722168
231,232,2.197796583175659,0.8240218162536621
232,233,2.1950128078460693,0.8438892364501953
233,234,2.19223952293396,0.8418221473693848
234,235,2.1894772052764893,0.8353900909423828
235,236,2.186725378036499,0.8526270389556885
236,237,2.1839842796325684,0.8695740699768066
237,238,2.181253433227539,0.8475518226623535
238,239,2.1785337924957275,0.8439850807189941
239,240,2.1758248805999756,0.8455398082733154
240,241,2.1731269359588623,0.8681771755218506
241,242,2.1704394817352295,0.8614711761474609
242,243,2.1677629947662354,0.8599081039428711
243,244,2.1650967597961426,0.8573729991912842
244,245,2.162442207336426,0.8610529899597168
245,246,2.1597979068756104,0.8640420436859131
246,247,2.157165050506592,0.8681509494781494
247,248,2.1545426845550537,0.872992992401123
248,249,2.151931047439575,0.8776090145111084
249,250,2.1493303775787354,0.865328311920166
250,251,2.146740436553955,0.8708341121673584
251,252,2.1441617012023926,0.8716490268707275
252,253,2.1415934562683105,0.8890221118927002
253,254,2.139036178588867,0.8813509941101074
254,255,2.1364893913269043,0.8858067989349365
255,256,2.133953809738159,0.8847460746765137
256,257,2.1314291954040527,0.9025580883026123
257,258,2.1289148330688477,0.8923740386962891
258,259,2.1264114379882812,0.8968887329101562
259,260,2.1239185333251953,0.914323091506958
260,261,2.1214370727539062,0.9013490676879883
261,262,2.1189656257629395,0.9020481109619141
262,263,2.1165051460266113,0.9078359603881836
263,264,2.1140549182891846,0.9151270389556885
264,265,2.1116158962249756,0.9087700843811035
265,266,2.109187126159668,0.9114940166473389
266,267,2.10676908493042,0.9276361465454102
267,268,2.1043612957000732,0.921349287033081
268,269,2.101964235305786,0.9173719882965088
269,270,2.0995776653289795,0.9170987606048584
270,271,2.097201347351074,0.9460642337799072
271,272,2.0948359966278076,0.9298090934753418
272,273,2.0924806594848633,0.9294700622558594
273,274,2.0901355743408203,0.9234740734100342
274,275,2.087801218032837,0.9247610569000244
275,276,2.085477113723755,0.9426796436309814
276,277,2.083163022994995,0.9402868747711182
277,278,2.080859661102295,0.9436578750610352
278,279,2.078565835952759,0.9332411289215088
279,280,2.0762827396392822,0.9360182285308838
280,281,2.074010133743286,0.9359190464019775
281,282,2.071747303009033,0.9277410507202148
282,283,2.0694947242736816,0.9348931312561035
283,284,2.0672519207000732,0.9231617450714111
284,285,2.065019369125366,0.9351010322570801
285,286,2.0627968311309814,0.9359691143035889
286,287,2.060584306716919,0.9307150840759277
287,288,2.058382034301758,0.9417610168457031
288,289,2.05618953704834,0.9333839416503906
289,290,2.054006814956665,0.9345369338989258
290,291,2.0518338680267334,0.9286301136016846
291,292,2.0496714115142822,0.9290871620178223
292,293,2.047518491744995,0.9303069114685059
293,294,2.045375108718872,0.9357593059539795
294,295,2.0432419776916504,0.9324560165405273
295,296,2.0411181449890137,0.9246120452880859
296,297,2.039004325866699,0.9302258491516113
297,298,2.036900281906128,0.9280970096588135
298,299,2.0348057746887207,0.9398999214172363
299,300,2.0327208042144775,0.9347991943359375
300,301,2.0306456089019775,0.9315159320831299
301,302,2.0285801887512207,0.9298229217529297
302,303,2.026524066925049,0.9553749561309814
303,304,2.02447772026062,0.9260640144348145
304,305,2.0224409103393555,0.9224731922149658
305,306,2.0204129219055176,0.9162061214447021
306,307,2.018394947052002,0.9171819686889648
307,308,2.0163865089416504,0.9152209758758545
308,309,2.0143871307373047,0.9176678657531738
309,310,2.012397527694702,0.9189407825469971
310,311,2.0104165077209473,0.9202299118041992
311,312,2.0084452629089355,0.9220800399780273
312,313,2.006483554840088,0.9061439037322998
313,314,2.004530668258667,0.9154818058013916
314,315,2.002586841583252,0.9143657684326172
315,316,2.000652551651001,0.9125919342041016
316,317,1.9987273216247559,0.9041898250579834
317,318,1.996811032295227,0.9163110256195068
318,319,1.9949039220809937,0.911384105682373
319,320,1.993005633354187,0.9364190101623535
320,321,1.9911167621612549,0.9188477993011475
321,322,1.98923659324646,0.9093790054321289
322,323,1.9873653650283813,0.9152400493621826
323,324,1.9855029582977295,0.8964169025421143
324,325,1.983649492263794,0.9019639492034912
325,326,1.9818048477172852,0.9029920101165771
326,327,1.9799690246582031,0.9000909328460693
327,328,1.9781420230865479,0.9001991748809814
328,329,1.9763234853744507,0.9013979434967041
329,330,1.9745137691497803,0.8930370807647705
330,331,1.972712516784668,0.9037179946899414
331,332,1.9709203243255615,0.9057190418243408
332,333,1.9691362380981445,0.8951480388641357
333,334,1.9673607349395752,0.8996331691741943
334,335,1.965593695640564,0.898231029510498
335,336,1.96383535861969,0.9183459281921387
336,337,1.962085247039795,0.8925340175628662
337,338,1.960343360900879,0.8937060832977295
338,339,1.958609938621521,0.8891110420227051
339,340,1.9568849802017212,0.8854801654815674
340,341,1.9551682472229004,0.8882830142974854
341,342,1.9534595012664795,0.8842108249664307
342,343,1.9517589807510376,0.8957040309906006
343,344,1.9500665664672852,0.882025957107544
344,345,1.9483821392059326,0.8944940567016602
345,346,1.946705937385559,0.8812611103057861
346,347,1.945037841796875,0.8776109218597412
347,348,1.9433776140213013,0.883692741394043
348,349,1.9417251348495483,0.8847932815551758
349,350,1.9400806427001953,0.893103837966919
350,351,1.938443660736084,0.8913109302520752
351,352,1.9368149042129517,0.9257493019104004
352,353,1.935193657875061,0.9188652038574219
353,354,1.9335801601409912,0.9100499153137207
354,355,1.9319742918014526,0.9038949012756348
355,356,1.930376410484314,0.8865091800689697
356,357,1.928785800933838,0.8802120685577393
357,358,1.927202582359314,0.8782970905303955
358,359,1.9256271123886108,0.8787860870361328
359,360,1.9240587949752808,0.8851499557495117
360,361,1.9224979877471924,0.8869078159332275
361,362,1.9209445714950562,0.8882110118865967
362,363,1.919398307800293,0.8826780319213867
363,364,1.917859673500061,0.8835279941558838
364,365,1.916327953338623,0.8986902236938477
365,366,1.9148036241531372,0.9117691516876221
366,367,1.9132864475250244,0.8901619911193848
367,368,1.9117763042449951,0.879849910736084
368,369,1.9102731943130493,0.9098308086395264
369,370,1.908777117729187,0.8867731094360352
370,371,1.9072879552841187,0.890728235244751
371,372,1.9058058261871338,0.8803219795227051
372,373,1.9043303728103638,0.8813669681549072
373,374,1.9028619527816772,0.8966317176818848
374,375,1.9014002084732056,0.8881540298461914
375,376,1.8999453783035278,0.881248950958252
376,377,1.898497462272644,0.8962750434875488
377,378,1.897055745124817,0.889329195022583
378,379,1.8956208229064941,0.8865902423858643
379,380,1.8941923379898071,0.8903400897979736
380,381,1.8927710056304932,0.9267740249633789
381,382,1.8913555145263672,0.885836124420166
382,383,1.8899470567703247,0.901353120803833
383,384,1.8885445594787598,0.893225908279419
384,385,1.8871487379074097,0.8854057788848877
385,386,1.8857592344284058,0.8870799541473389
386,387,1.8843759298324585,0.9007668495178223
387,388,1.8829989433288574,0.8937268257141113
388,389,1.881628155708313,0.8902571201324463
389,390,1.8802634477615356,0.8958957195281982
390,391,1.8789050579071045,0.9147169589996338
391,392,1.87755286693573,0.894402265548706
392,393,1.8762065172195435,0.8975398540496826
393,394,1.8748663663864136,0.8902909755706787
394,395,1.8735319375991821,0.9001762866973877
395,396,1.8722038269042969,0.9055221080780029
396,397,1.87088143825531,0.8980739116668701
397,398,1.8695648908615112,0.9022128582000732
398,399,1.8682540655136108,0.9248440265655518
399,400,1.8669493198394775,0.9165060520172119
400,401,1.8656502962112427,0.9109830856323242
401,402,1.8643568754196167,0.9157018661499023
402,403,1.8630695343017578,0.9032440185546875
403,404,1.8617873191833496,0.9017448425292969
404,405,1.8605107069015503,0.9072270393371582
405,406,1.8592400550842285,0.9560110569000244
406,407,1.857974648475647,0.9143197536468506
407,408,1.8567150831222534,0.9153320789337158
408,409,1.8554608821868896,0.9317266941070557
409,410,1.8542118072509766,1.0071520805358887
410,411,1.8529683351516724,1.0529522895812988
411,412,1.8517301082611084,1.0487868785858154
412,413,1.8504977226257324,1.0905940532684326
413,414,1.849269986152649,1.057054042816162
414,415,1.8480479717254639,1.0431690216064453
415,416,1.846831202507019,1.0482938289642334
416,417,1.8456192016601562,1.0659279823303223
417,418,1.8444126844406128,1.0977919101715088
418,419,1.84321129322052,1.10310697555542
419,420,1.8420149087905884,1.0501031875610352
420,421,1.8408235311508179,1.0330371856689453
421,422,1.8396373987197876,1.0326409339904785
422,423,1.8384559154510498,1.0379951000213623
423,424,1.8372796773910522,1.0636482238769531
424,425,1.8361082077026367,1.042564868927002
425,426,1.8349417448043823,1.0417799949645996
426,427,1.8337801694869995,1.041623830795288
427,428,1.8326234817504883,1.028641939163208
428,429,1.831471562385559,1.0487897396087646
429,430,1.830324411392212,1.0323951244354248
430,431,1.8291821479797363,1.0470898151397705
431,432,1.8280442953109741,1.0487208366394043
432,433,1.8269113302230835,1.0300390720367432
433,434,1.825783133506775,1.039322853088379
434,435,1.8246592283248901,1.0262348651885986
435,436,1.8235398530960083,1.0264062881469727
436,437,1.8224254846572876,1.03354811668396
437,438,1.8213152885437012,1.0310399532318115
438,439,1.8202097415924072,1.0438659191131592
439,440,1.8191088438034058,1.0262761116027832
440,441,1.8180122375488281,1.0286509990692139
441,442,1.8169200420379639,1.0273568630218506
442,443,1.8158320188522339,1.0160458087921143
443,444,1.8147486448287964,1.0166828632354736
444,445,1.8136694431304932,1.0095839500427246
445,446,1.8125946521759033,1.0064749717712402
446,447,1.8115242719650269,1.018805980682373
447,448,1.8104578256607056,1.0175199508666992
448,449,1.8093955516815186,0.9930460453033447
449,450,1.8083378076553345,0.9205949306488037
450,451,1.8072837591171265,0.9077041149139404
451,452,1.8062342405319214,0.8984880447387695
452,453,1.805188775062561,0.8989901542663574
453,454,1.8041472434997559,0.8969619274139404
454,455,1.803109884262085,0.9049139022827148
455,456,1.8020763397216797,0.894071102142334
456,457,1.8010470867156982,0.8951148986816406
457,458,1.8000215291976929,0.9004900455474854
458,459,1.7990000247955322,0.9007589817047119
459,460,1.7979825735092163,0.9169459342956543
460,461,1.7969688177108765,0.8977479934692383
461,462,1.7959587574005127,0.8979568481445312
462,463,1.7949529886245728,0.9028170108795166
463,464,1.7939506769180298,0.8925421237945557
464,465,1.7929519414901733,0.9044830799102783
465,466,1.7919574975967407,0.8933501243591309
466,467,1.790966510772705,0.9067459106445312
467,468,1.789979338645935,0.8991208076477051
468,469,1.788995623588562,0.8965568542480469
469,470,1.7880157232284546,0.8933670520782471
470,471,1.7870396375656128,0.9040298461914062
471,472,1.7860667705535889,0.8972597122192383
472,473,1.7850978374481201,0.9073731899261475
473,474,1.7841321229934692,0.8945536613464355
474,475,1.7831701040267944,0.8894479274749756
475,476,1.7822115421295166,0.9022660255432129
476,477,1.7812564373016357,0.9043810367584229
477,478,1.780305027961731,0.9057490825653076
478,479,1.7793567180633545,0.8927066326141357
479,480,1.778412103652954,0.9179129600524902
480,481,1.7774707078933716,0.9001710414886475
481,482,1.7765328884124756,0.8936138153076172
482,483,1.7755980491638184,0.9011361598968506
483,484,1.7746669054031372,0.8893101215362549
484,485,1.7737387418746948,0.8910353183746338
485,486,1.7728142738342285,0.895322322845459
486,487,1.7718926668167114,0.899043083190918
487,488,1.7709743976593018,0.8896880149841309
488,489,1.7700594663619995,0.9003939628601074
489,490,1.7691478729248047,0.8974459171295166
490,491,1.768239140510559,0.8863308429718018
491,492,1.7673335075378418,0.8902709484100342
492,493,1.766431212425232,0.9043359756469727
493,494,1.76553213596344,0.9071319103240967
494,495,1.7646360397338867,0.8906650543212891
495,496,1.7637429237365723,0.8891499042510986
496,497,1.7628531455993652,0.8955750465393066
497,498,1.7619661092758179,0.9027221202850342
498,499,1.7610821723937988,0.8965139389038086
499,500,1.760201096534729,0.8898928165435791
500,501,1.759323239326477,0.8873429298400879
501,502,1.7584484815597534,0.9013209342956543
502,503,1.7575763463974,0.8969631195068359
503,504,1.7567073106765747,0.8972008228302002
504,505,1.7558410167694092,0.8900790214538574
505,506,1.754977822303772,0.8884429931640625
506,507,1.7541176080703735,0.8956711292266846
507,508,1.7532601356506348,0.8920469284057617
508,509,1.7524052858352661,0.883389949798584
509,510,1.7515534162521362,0.885286808013916
510,511,1.7507046461105347,0.8938260078430176
511,512,1.7498581409454346,0.8942370414733887
512,513,1.7490148544311523,0.8895118236541748
513,514,1.7481740713119507,0.8861548900604248
514,515,1.7473362684249878,0.8899619579315186
515,516,1.746501088142395,0.8948109149932861
516,517,1.745668649673462,0.8962910175323486
517,518,1.744838833808899,0.8970928192138672
518,519,1.7440117597579956,0.8839349746704102
519,520,1.7431875467300415,0.895427942276001
520,521,1.742365837097168,0.8856770992279053
521,522,1.7415469884872437,0.8835687637329102
522,523,1.7407301664352417,0.9006597995758057
523,524,1.7399165630340576,0.887624979019165
524,525,1.739105463027954,0.8882009983062744
525,526,1.7382967472076416,0.8870537281036377
526,527,1.7374906539916992,0.8931012153625488
527,528,1.7366873025894165,0.897413969039917
528,529,1.735886573791504,0.8888671398162842
529,530,1.7350882291793823,0.8927826881408691
530,531,1.7342923879623413,0.8946712017059326
531,532,1.7334991693496704,0.8884258270263672
532,533,1.7327083349227905,0.9209117889404297
533,534,1.7319200038909912,0.895759105682373
534,535,1.7311341762542725,0.8944780826568604
535,536,1.7303508520126343,0.8996379375457764
536,537,1.7295700311660767,0.8963656425476074
537,538,1.72879159450531,0.8929660320281982
538,539,1.728015661239624,0.8936219215393066
539,540,1.7272422313690186,0.8861820697784424
540,541,1.7264710664749146,0.8899359703063965
541,542,1.725702166557312,0.8821377754211426
542,543,1.7249360084533691,0.8912651538848877
543,544,1.7241719961166382,0.8806967735290527
544,545,1.7234103679656982,0.8854959011077881
545,546,1.7226513624191284,0.8878090381622314
546,547,1.7218942642211914,0.885995626449585
547,548,1.721139669418335,0.8826789855957031
548,549,1.7203874588012695,0.8909099102020264
549,550,1.719637393951416,0.8844120502471924
550,551,1.7188899517059326,0.8909471035003662
551,552,1.7181446552276611,0.8949778079986572
552,553,1.7174017429351807,0.8984029293060303
553,554,1.7166610956192017,0.8835349082946777
554,555,1.7159225940704346,0.8915939331054688
555,556,1.715186357498169,0.8922030925750732
556,557,1.7144522666931152,0.8957059383392334
557,558,1.713720679283142,0.8893191814422607
558,559,1.7129912376403809,0.8877170085906982
559,560,1.7122641801834106,0.8994607925415039
560,561,1.7115390300750732,0.8937480449676514
561,562,1.7108162641525269,0.8895859718322754
562,563,1.7100956439971924,0.8879570960998535
563,564,1.7093771696090698,0.891840934753418
564,565,1.7086609601974487,0.8782198429107666
565,566,1.7079468965530396,0.8834741115570068
566,567,1.7072349786758423,0.8860561847686768
567,568,1.7065250873565674,1.0351200103759766
568,569,1.7058175802230835,0.9484260082244873
569,570,1.705112099647522,0.9684278964996338
570,571,1.704408884048462,0.9428920745849609
571,572,1.7037075757980347,0.9107248783111572
572,573,1.7030084133148193,0.9041788578033447
573,574,1.7023112773895264,0.9057509899139404
574,575,1.7016165256500244,0.8880720138549805
575,576,1.7009234428405762,0.881828784942627
576,577,1.7002328634262085,0.8939089775085449
577,578,1.6995443105697632,0.886509895324707
578,579,1.6988576650619507,0.8938291072845459
579,580,1.69817316532135,0.889251708984375
580,581,1.6974903345108032,0.8957009315490723
581,582,1.6968098878860474,0.8963038921356201
582,583,1.6961315870285034,0.9016523361206055
583,584,1.6954550743103027,0.9050502777099609
584,585,1.6947808265686035,0.9053158760070801
585,586,1.694108486175537,0.8969390392303467
586,587,1.693437933921814,0.892509937286377
587,588,1.6927696466445923,0.9051158428192139
588,589,1.6921031475067139,0.8876810073852539
589,590,1.691438913345337,0.9023020267486572
590,591,1.6907762289047241,0.905087947845459
591,592,1.6901159286499023,0.9027540683746338
592,593,1.6894574165344238,0.9025239944458008
593,594,1.6888006925582886,0.8937170505523682
594,595,1.6881461143493652,0.8917291164398193
595,596,1.6874935626983643,0.8947510719299316
596,597,1.6868425607681274,0.904534101486206
597,598,1.686193823814392,0.8927991390228271
598,599,1.685546875,0.8972411155700684
599,600,1.6849017143249512,0.8911948204040527
600,601,1.6842584609985352,0.8921661376953125
601,602,1.6836175918579102,0.8909642696380615
602,603,1.6829782724380493,0.9047961235046387
603,604,1.6823406219482422,0.8937902450561523
604,605,1.6817049980163574,0.8978288173675537
605,606,1.681071162223816,0.8995790481567383
606,607,1.6804394721984863,0.9017541408538818
607,608,1.679809331893921,0.9300360679626465
608,609,1.6791809797286987,0.9138250350952148
609,610,1.6785547733306885,0.8981471061706543
610,611,1.6779303550720215,0.8986833095550537
611,612,1.6773076057434082,0.9019699096679688
612,613,1.6766866445541382,0.8896989822387695
613,614,1.67606782913208,0.9060039520263672
614,615,1.675450325012207,0.9029631614685059
615,616,1.6748348474502563,0.9093029499053955
616,617,1.6742212772369385,0.9062330722808838
617,618,1.6736092567443848,0.8953757286071777
618,619,1.6729992628097534,0.89982008934021
619,620,1.6723905801773071,0.8953068256378174
620,621,1.6717842817306519,0.896392822265625
621,622,1.671179175376892,0.8967509269714355
622,623,1.6705762147903442,0.8940718173980713
623,624,1.6699748039245605,0.903536319732666
624,625,1.6693751811981201,0.899975061416626
625,626,1.668777346611023,0.8952827453613281
626,627,1.668181300163269,0.9072027206420898
627,628,1.6675868034362793,0.8952639102935791
628,629,1.6669939756393433,0.902198076248169
629,630,1.6664026975631714,0.9004030227661133
630,631,1.6658133268356323,0.9059748649597168
631,632,1.6652257442474365,0.9023780822753906
632,633,1.6646398305892944,0.9068570137023926
633,634,1.664055347442627,0.8930668830871582
634,635,1.6634727716445923,0.8964920043945312
635,636,1.6628917455673218,0.8910489082336426
636,637,1.6623122692108154,0.89375901222229
637,638,1.661734700202942,0.9064838886260986
638,639,1.661158800125122,0.9104821681976318
639,640,1.6605843305587769,0.9052872657775879
640,641,1.6600114107131958,0.9096109867095947
641,642,1.659440517425537,0.8952412605285645
642,643,1.6588709354400635,0.901339054107666
643,644,1.658302903175354,0.8979220390319824
644,645,1.6577367782592773,0.8903360366821289
645,646,1.6571718454360962,0.9003989696502686
646,647,1.6566087007522583,0.8973739147186279
647,648,1.6560473442077637,0.8980488777160645
648,649,1.6554874181747437,0.9101529121398926
649,650,1.6549291610717773,0.8986330032348633
650,651,1.6543720960617065,0.9074850082397461
651,652,1.653816819190979,0.9026098251342773
652,653,1.6532632112503052,0.906965970993042
653,654,1.652711033821106,0.8990159034729004
654,655,1.6521607637405396,0.9092800617218018
655,656,1.6516114473342896,0.903425931930542
656,657,1.6510640382766724,0.9049861431121826
657,658,1.6505179405212402,0.9066779613494873
658,659,1.6499736309051514,0.9159150123596191
659,660,1.649430513381958,0.911992073059082
660,661,1.6488889455795288,0.8994619846343994
661,662,1.6483491659164429,0.9020421504974365
662,663,1.647810697555542,0.9070308208465576
663,664,1.6472737789154053,0.906501054763794
664,665,1.6467384099960327,0.8999521732330322
665,666,1.6462043523788452,0.9017207622528076
666,667,1.6456719636917114,0.8933591842651367
667,668,1.6451410055160522,0.9022426605224609
668,669,1.6446112394332886,0.9024372100830078
669,670,1.6440832614898682,0.8970251083374023
670,671,1.6435565948486328,0.909125804901123
671,672,1.6430312395095825,0.9081640243530273
672,673,1.6425074338912964,0.9132118225097656
673,674,1.641985297203064,0.9018862247467041
674,675,1.6414642333984375,0.9016082286834717
675,676,1.6409447193145752,0.894495964050293
676,677,1.6404268741607666,0.892143964767456
677,678,1.639910101890564,0.893674373626709
678,679,1.6393948793411255,0.9036121368408203
679,680,1.638880968093872,0.904487133026123
680,681,1.6383686065673828,0.9082067012786865
681,682,1.6378575563430786,0.8961129188537598
682,683,1.6373480558395386,0.9045531749725342
683,684,1.6368396282196045,0.9037160873413086
684,685,1.6363327503204346,0.902508020401001
685,686,1.6358271837234497,0.9106361865997314
686,687,1.635323166847229,0.902691125869751
687,688,1.6348203420639038,0.8978269100189209
688,689,1.6343188285827637,0.8932061195373535
689,690,1.6338187456130981,0.9061508178710938
690,691,1.6333199739456177,0.8997719287872314
691,692,1.6328226327896118,0.9191958904266357
692,693,1.632326602935791,0.9092049598693848
693,694,1.6318317651748657,0.9223339557647705
694,695,1.6313382387161255,0.9059112071990967
695,696,1.6308462619781494,0.9022858142852783
696,697,1.6303553581237793,0.9279580116271973
697,698,1.6298658847808838,0.9109199047088623
698,699,1.629377841949463,0.8989739418029785
699,700,1.628890872001648,0.8963711261749268
700,701,1.6284054517745972,0.9069058895111084
701,702,1.6279208660125732,0.9006400108337402
702,703,1.627437949180603,0.9006719589233398
703,704,1.6269563436508179,0.9053540229797363
704,705,1.6264759302139282,0.9041650295257568
705,706,1.6259968280792236,0.9101779460906982
706,707,1.625518798828125,0.9053201675415039
707,708,1.6250423192977905,0.9009582996368408
708,709,1.624566912651062,0.9033010005950928
709,710,1.6240928173065186,0.9117450714111328
710,711,1.623619794845581,0.9033112525939941
711,712,1.6231480836868286,0.910193920135498
712,713,1.6226776838302612,0.9126410484313965
713,714,1.6222084760665894,0.9141356945037842
714,715,1.6217405796051025,0.918205976486206
715,716,1.6212737560272217,0.9101040363311768
716,717,1.6208083629608154,0.9105308055877686
717,718,1.6203440427780151,0.902101993560791
718,719,1.6198811531066895,0.9104800224304199
719,720,1.6194193363189697,0.9142630100250244
720,721,1.6189583539962769,0.910614013671875
721,722,1.6184989213943481,0.898216962814331
722,723,1.618040919303894,0.9065079689025879
723,724,1.6175836324691772,0.912045955657959
724,725,1.6171278953552246,0.9099810123443604
725,726,1.616673231124878,0.9252469539642334
726,727,1.616219401359558,0.9096508026123047
727,728,1.615767240524292,0.9110708236694336
728,729,1.6153160333633423,0.9048681259155273
729,730,1.614866018295288,0.906480073928833
730,731,1.6144170761108398,0.9036881923675537
731,732,1.6139694452285767,0.8986310958862305
732,733,1.6135228872299194,0.9016017913818359
733,734,1.6130776405334473,0.8985860347747803
734,735,1.6126333475112915,0.9044487476348877
735,736,1.6121900081634521,0.9062719345092773
736,737,1.6117480993270874,0.9097568988800049
737,738,1.6113072633743286,0.9152319431304932
738,739,1.6108675003051758,0.9059970378875732
739,740,1.6104286909103394,0.9038169384002686
740,741,1.6099913120269775,0.9095680713653564
741,742,1.6095550060272217,0.9069511890411377
742,743,1.6091197729110718,0.9113562107086182
743,744,1.6086854934692383,0.9187519550323486
744,745,1.6082525253295898,0.9100861549377441
745,746,1.6078203916549683,0.9048480987548828
746,747,1.6073896884918213,0.9040517807006836
747,748,1.6069599390029907,0.9065208435058594
748,749,1.6065312623977661,0.9175059795379639
749,750,1.606103777885437,0.9192368984222412
750,751,1.6056772470474243,0.910053014755249
751,752,1.6052519083023071,0.9120771884918213
752,753,1.6048275232315063,0.9093031883239746
753,754,1.6044042110443115,0.9125370979309082
754,755,1.6039819717407227,0.9109630584716797
755,756,1.6035608053207397,0.9072799682617188
756,757,1.6031408309936523,0.9062907695770264
757,758,1.6027216911315918,0.9089360237121582
758,759,1.6023038625717163,0.915349006652832
759,760,1.6018868684768677,0.8984599113464355
760,761,1.6014708280563354,0.9134171009063721
761,762,1.6010562181472778,0.9079759120941162
762,763,1.6006423234939575,0.9148569107055664
763,764,1.6002296209335327,0.8975868225097656
764,765,1.5998179912567139,0.9057531356811523
765,766,1.5994073152542114,0.8986051082611084
766,767,1.5989975929260254,0.9032917022705078
767,768,1.5985888242721558,0.9020469188690186
768,769,1.5981812477111816,0.8994097709655762
769,770,1.597774624824524,0.9048261642456055
770,771,1.5973689556121826,0.9001948833465576
771,772,1.5969644784927368,0.9094059467315674
772,773,1.5965608358383179,0.910006046295166
773,774,1.5961582660675049,0.9017877578735352
774,775,1.5957566499710083,0.9068868160247803
775,776,1.5953559875488281,0.9070529937744141
776,777,1.5949565172195435,0.8952507972717285
777,778,1.5945578813552856,0.8927979469299316
778,779,1.5941603183746338,0.9034759998321533
779,780,1.5937635898590088,0.9021649360656738
780,781,1.5933679342269897,0.9016189575195312
781,782,1.592973232269287,0.8973209857940674
782,783,1.5925793647766113,0.9006597995758057
783,784,1.592186689376831,0.9068470001220703
784,785,1.5917949676513672,0.9089381694793701
785,786,1.5914041996002197,0.9042689800262451
786,787,1.5910142660140991,0.9110982418060303
787,788,1.5906254053115845,0.8913111686706543
788,789,1.5902372598648071,0.8954808712005615
789,790,1.5898504257202148,0.897956132888794
790,791,1.5894643068313599,0.8982510566711426
791,792,1.5890792608261108,0.9123601913452148
792,793,1.5886950492858887,0.9043071269989014
793,794,1.588311791419983,0.8970978260040283
794,795,1.587929368019104,0.8974661827087402
795,796,1.587548017501831,0.9001858234405518
796,797,1.587167739868164,0.8888041973114014
797,798,1.5867879390716553,0.9043111801147461
798,799,1.586409568786621,0.8981389999389648
799,800,1.5860320329666138,0.8994569778442383
800,801,1.5856549739837646,0.900083065032959
801,802,1.5852793455123901,0.8891341686248779
802,803,1.5849043130874634,0.8998029232025146
803,804,1.5845301151275635,0.8910539150238037
804,805,1.5841569900512695,0.9064640998840332
805,806,1.5837846994400024,0.9032421112060547
806,807,1.5834136009216309,0.8961820602416992
807,808,1.5830432176589966,0.8958168029785156
808,809,1.5826736688613892,0.9070549011230469
809,810,1.582304835319519,0.9034249782562256
810,811,1.5819371938705444,0.9038920402526855
811,812,1.5815702676773071,0.9020638465881348
812,813,1.5812042951583862,0.8941750526428223
813,814,1.5808390378952026,0.8921418190002441
814,815,1.580474853515625,0.8990700244903564
815,816,1.5801113843917847,0.9069051742553711
816,817,1.5797488689422607,0.9089200496673584
817,818,1.5793871879577637,0.8998813629150391
818,819,1.5790263414382935,0.9043951034545898
819,820,1.5786664485931396,0.8959128856658936
820,821,1.5783072710037231,0.9310309886932373
821,822,1.5779491662979126,0.9006319046020508
822,823,1.5775917768478394,0.9053752422332764
823,824,1.5772351026535034,0.9045853614807129
824,825,1.5768795013427734,0.9005780220031738
825,826,1.5765246152877808,0.913140058517456
826,827,1.576170563697815,0.9266529083251953
827,828,1.575817584991455,0.911768913269043
828,829,1.5754650831222534,0.9040658473968506
829,830,1.5751135349273682,0.8990147113800049
830,831,1.5747627019882202,0.8974239826202393
831,832,1.5744130611419678,0.8975028991699219
832,833,1.574064016342163,0.9037156105041504
833,834,1.5737158060073853,0.9053518772125244
834,835,1.5733684301376343,0.905303955078125
835,836,1.5730217695236206,0.9015579223632812
836,837,1.5726758241653442,0.8966970443725586
837,838,1.5723308324813843,0.8982598781585693
838,839,1.5719869136810303,0.9153499603271484
839,840,1.5716434717178345,0.9098339080810547
840,841,1.571300745010376,0.8996689319610596
841,842,1.5709590911865234,0.9040319919586182
842,843,1.5706181526184082,0.8983778953552246
843,844,1.5702778100967407,0.9026339054107666
844,845,1.5699381828308105,0.8959050178527832
845,846,1.5695996284484863,0.9125621318817139
846,847,1.569261908531189,0.9172337055206299
847,848,1.568924903869629,0.9030458927154541
848,849,1.5685884952545166,0.9118280410766602
849,850,1.5682529211044312,0.9087638854980469
850,851,1.567918300628662,0.9042830467224121
851,852,1.5675843954086304,0.909095287322998
852,853,1.5672509670257568,0.908212423324585
853,854,1.5669186115264893,0.9083540439605713
854,855,1.5665868520736694,0.9004001617431641
855,856,1.5662559270858765,0.9064421653747559
856,857,1.5659257173538208,0.8988668918609619
857,858,1.5655962228775024,0.8978869915008545
858,859,1.565267562866211,0.9117369651794434
859,860,1.5649396181106567,0.9119420051574707
860,861,1.5646123886108398,0.9115700721740723
861,862,1.5642859935760498,0.9065248966217041
862,863,1.563960313796997,0.9080638885498047
863,864,1.5636353492736816,0.8961598873138428
864,865,1.563311219215393,0.8967821598052979
865,866,1.5629876852035522,0.8957748413085938
866,867,1.5626648664474487,0.8937499523162842
867,868,1.562342643737793,0.8981728553771973
868,869,1.5620213747024536,0.8982498645782471
869,870,1.561700701713562,0.910581111907959
870,871,1.5613809823989868,0.8989713191986084
871,872,1.5610617399215698,0.9052979946136475
872,873,1.5607432126998901,0.9040319919586182
873,874,1.5604254007339478,0.8951728343963623
874,875,1.5601085424423218,0.9072010517120361
875,876,1.5597920417785645,0.8986709117889404
876,877,1.5594764947891235,0.9077849388122559
877,878,1.5591614246368408,1.1402831077575684
878,879,1.5588470697402954,1.0432629585266113
879,880,1.5585336685180664,0.9292919635772705
880,881,1.5582208633422852,0.922980785369873
881,882,1.5579086542129517,0.9947860240936279
882,883,1.5575971603393555,0.9111068248748779
883,884,1.5572865009307861,0.9119532108306885
884,885,1.556976318359375,0.8986852169036865
885,886,1.5566668510437012,0.8997383117675781
886,887,1.556357979774475,0.9050261974334717
887,888,1.5560500621795654,0.9100279808044434
888,889,1.555742621421814,0.9138591289520264
889,890,1.5554358959197998,0.9000258445739746
890,891,1.5551297664642334,0.9065849781036377
891,892,1.5548243522644043,0.9106910228729248
892,893,1.5545196533203125,0.9068107604980469
893,894,1.554215669631958,0.9111669063568115
894,895,1.5539122819900513,0.9058711528778076
895,896,1.5536096096038818,0.9145081043243408
896,897,1.553307294845581,0.9077341556549072
897,898,1.5530060529708862,0.9060359001159668
898,899,1.55270516872406,0.9041709899902344
899,900,1.5524049997329712,0.8991949558258057
900,901,1.5521056652069092,0.9032800197601318
901,902,1.5518068075180054,0.9012458324432373
902,903,1.5515085458755493,0.9125080108642578
903,904,1.551210880279541,0.9093661308288574
904,905,1.5509140491485596,0.9006290435791016
905,906,1.5506176948547363,0.902292013168335
906,907,1.5503220558166504,0.9011139869689941
907,908,1.5500270128250122,0.9142379760742188
908,909,1.5497326850891113,0.912254810333252
909,910,1.5494388341903687,0.9099578857421875
910,911,1.5491455793380737,0.9047038555145264
911,912,1.5488531589508057,0.9110357761383057
912,913,1.5485612154006958,0.9076230525970459
913,914,1.5482697486877441,0.9136209487915039
914,915,1.5479793548583984,0.9127960205078125
915,916,1.5476891994476318,0.9014272689819336
916,917,1.547399878501892,0.9048492908477783
917,918,1.5471107959747314,0.9021110534667969
918,919,1.546822428703308,0.9122030735015869
919,920,1.5465348958969116,0.9125630855560303
920,921,1.546247959136963,0.9040091037750244
921,922,1.5459614992141724,0.9110591411590576
922,923,1.5456757545471191,0.9087941646575928
923,924,1.5453904867172241,0.9080979824066162
924,925,1.5451054573059082,0.9155669212341309
925,926,1.5448216199874878,0.9098289012908936
926,927,1.544538140296936,0.9037251472473145
927,928,1.544255256652832,0.9142477512359619
928,929,1.5439729690551758,0.9150369167327881
929,930,1.5436912775039673,0.8996810913085938
930,931,1.5434101819992065,0.9039242267608643
931,932,1.543129563331604,0.9048850536346436
932,933,1.5428495407104492,0.9040570259094238
933,934,1.5425701141357422,0.9010839462280273
934,935,1.542291283607483,0.9015569686889648
935,936,1.5420130491256714,0.9039249420166016
936,937,1.5417354106903076,0.9109737873077393
937,938,1.5414583683013916,0.900061845779419
938,939,1.5411816835403442,0.9092800617218018
939,940,1.5409057140350342,0.9095563888549805
940,941,1.5406302213668823,0.9125139713287354
941,942,1.5403553247451782,0.9038300514221191
942,943,1.5400810241699219,0.911201000213623
943,944,1.5398073196411133,0.8995528221130371
944,945,1.539534091949463,0.908236026763916
945,946,1.5392613410949707,0.9095730781555176
946,947,1.5389893054962158,0.9076321125030518
947,948,1.5387176275253296,0.9133028984069824
948,949,1.5384466648101807,0.909257173538208
949,950,1.5381760597229004,0.9051101207733154
950,951,1.537906289100647,0.9074201583862305
951,952,1.5376368761062622,0.8996789455413818
952,953,1.5373680591583252,0.904879093170166
953,954,1.5370995998382568,0.9009630680084229
954,955,1.5368319749832153,0.9139752388000488
955,956,1.536564588546753,0.9108538627624512
956,957,1.5362980365753174,0.9097669124603271
957,958,1.536031723022461,0.9378440380096436
958,959,1.5357661247253418,0.9157030582427979
959,960,1.5355010032653809,0.9117166996002197
960,961,1.5352364778518677,0.9158189296722412
961,962,1.5349721908569336,0.9069147109985352
962,963,1.5347084999084473,0.9156970977783203
963,964,1.5344455242156982,0.9286210536956787
964,965,1.5341830253601074,0.9346559047698975
965,966,1.5339210033416748,0.9151198863983154
966,967,1.5336596965789795,0.9119949340820312
967,968,1.5333986282348633,0.91044020652771
968,969,1.5331380367279053,0.9081583023071289
969,970,1.532878041267395,0.9125871658325195
970,971,1.5326186418533325,0.91361403465271
971,972,1.5323598384857178,0.90755295753479
972,973,1.532101035118103,0.9138169288635254
973,974,1.5318431854248047,0.9040391445159912
974,975,1.5315858125686646,0.9080898761749268
975,976,1.531328797340393,0.9106590747833252
976,977,1.5310723781585693,0.9165499210357666
977,978,1.5308161973953247,0.9049017429351807
978,979,1.530560851097107,0.9042189121246338
979,980,1.5303059816360474,0.9178571701049805
980,981,1.530051350593567,0.9191739559173584
981,982,1.5297973155975342,0.9218289852142334
982,983,1.5295438766479492,0.9163820743560791
983,984,1.5292909145355225,0.9193191528320312
984,985,1.5290380716323853,0.9087331295013428
985,986,1.5287861824035645,0.9048690795898438
986,987,1.5285346508026123,0.9132959842681885
987,988,1.5282834768295288,0.9133379459381104
988,989,1.5280327796936035,0.9165878295898438
989,990,1.527782917022705,0.9178519248962402
990,991,1.5275331735610962,0.9178698062896729
991,992,1.527283787727356,0.9201741218566895
992,993,1.5270352363586426,0.9187159538269043
993,994,1.5267869234085083,0.9093859195709229
994,995,1.5265392065048218,0.9094598293304443
995,996,1.526291847229004,0.9162547588348389
996,997,1.5260450839996338,0.9137568473815918
997,998,1.5257985591888428,0.9163029193878174
998,999,1.525552749633789,0.9178462028503418
999,1000,1.5253071784973145,0.9149329662322998
1000,1001,1.5250622034072876,0.9203240871429443
1001,1002,1.5248178243637085,0.9195027351379395
1002,1003,1.524573802947998,0.9131278991699219
1003,1004,1.5243301391601562,0.9126698970794678
1004,1005,1.5240869522094727,0.9171020984649658
1005,1006,1.5238443613052368,0.9175989627838135
1006,1007,1.5236018896102905,0.9166698455810547
1007,1008,1.523360252380371,0.9095559120178223
1008,1009,1.5231188535690308,0.905371904373169
1009,1010,1.5228779315948486,0.9067740440368652
1010,1011,1.5226374864578247,0.9153232574462891
1011,1012,1.522397518157959,0.920034646987915
1012,1013,1.522157907485962,0.9103591442108154
1013,1014,1.521918773651123,0.9107680320739746
1014,1015,1.5216801166534424,0.9139981269836426
1015,1016,1.52144193649292,0.9114298820495605
1016,1017,1.5212042331695557,0.9180920124053955
1017,1018,1.52096688747406,0.9090118408203125
1018,1019,1.5207297801971436,0.9189887046813965
1019,1020,1.520493507385254,0.9153268337249756
1020,1021,1.520257592201233,0.9164669513702393
1021,1022,1.520021915435791,0.905036211013794
1022,1023,1.5197867155075073,0.9231209754943848
1023,1024,1.5195521116256714,0.925490140914917
1024,1025,1.5193177461624146,0.9136371612548828
1025,1026,1.519083857536316,0.9224801063537598
1026,1027,1.5188506841659546,0.9255697727203369
1027,1028,1.5186176300048828,0.9124619960784912
1028,1029,1.5183850526809692,0.9121508598327637
1029,1030,1.5181529521942139,0.9087538719177246
1030,1031,1.5179210901260376,0.9135549068450928
1031,1032,1.517689824104309,0.9112141132354736
1032,1033,1.5174590349197388,0.906484842300415
1033,1034,1.5172287225723267,0.911290168762207
1034,1035,1.5169987678527832,0.9102668762207031
1035,1036,1.5167690515518188,0.9167420864105225
1036,1037,1.5165399312973022,0.9203240871429443
1037,1038,1.5163112878799438,0.9095702171325684
1038,1039,1.516082763671875,0.9090158939361572
1039,1040,1.5158549547195435,0.9046919345855713
1040,1041,1.5156276226043701,0.9112720489501953
1041,1042,1.5154005289077759,0.9083068370819092
1042,1043,1.5151737928390503,0.9117031097412109
1043,1044,1.514947533607483,0.9091310501098633
1044,1045,1.5147217512130737,0.9088230133056641
1045,1046,1.5144962072372437,0.9148478507995605
1046,1047,1.5142711400985718,0.9140758514404297
1047,1048,1.5140466690063477,0.9195561408996582
1048,1049,1.513822317123413,0.9188642501831055
1049,1050,1.5135986804962158,0.925529956817627
1050,1051,1.513375163078308,0.9050991535186768
1051,1052,1.5131521224975586,0.9155619144439697
1052,1053,1.5129296779632568,0.8996636867523193
1053,1054,1.5127075910568237,0.91485595703125
1054,1055,1.5124857425689697,0.9105889797210693
1055,1056,1.5122641324996948,0.914452075958252
1056,1057,1.5120433568954468,0.9184818267822266
1057,1058,1.5118225812911987,0.9096062183380127
1058,1059,1.511602520942688,0.9122641086578369
1059,1060,1.5113826990127563,0.9185709953308105
1060,1061,1.511163353919983,0.9076941013336182
1061,1062,1.5109443664550781,0.9131710529327393
1062,1063,1.510725736618042,0.9132769107818604
1063,1064,1.510507583618164,0.9067270755767822
1064,1065,1.5102896690368652,0.912186861038208
1065,1066,1.5100723505020142,0.9302270412445068
1066,1067,1.5098552703857422,0.9123837947845459
1067,1068,1.5096386671066284,0.9066319465637207
1068,1069,1.5094223022460938,0.9281589984893799
1069,1070,1.5092064142227173,0.9114007949829102
1070,1071,1.508991003036499,0.9152922630310059
1071,1072,1.5087758302688599,0.9170041084289551
1072,1073,1.508561134338379,0.9089400768280029
1073,1074,1.5083467960357666,0.9272608757019043
1074,1075,1.508132815361023,0.9105908870697021
1075,1076,1.5079193115234375,0.9041459560394287
1076,1077,1.5077061653137207,0.9093010425567627
1077,1078,1.5074931383132935,0.9187078475952148
1078,1079,1.5072808265686035,0.9140818119049072
1079,1080,1.5070687532424927,0.9190189838409424
1080,1081,1.5068570375442505,0.906761884689331
1081,1082,1.506645679473877,0.9169189929962158
1082,1083,1.5064349174499512,0.9100279808044434
1083,1084,1.5062241554260254,0.9219422340393066
1084,1085,1.506014108657837,0.9102559089660645
1085,1086,1.505804181098938,0.9108259677886963
1086,1087,1.5055947303771973,0.9148199558258057
1087,1088,1.5053857564926147,0.909487247467041
1088,1089,1.5051769018173218,0.9303669929504395
1089,1090,1.5049686431884766,0.915945291519165
1090,1091,1.504760503768921,0.9245791435241699
1091,1092,1.504553198814392,0.9115979671478271
1092,1093,1.5043460130691528,0.9095699787139893
1093,1094,1.5041389465332031,0.9124369621276855
1094,1095,1.5039323568344116,0.9178669452667236
1095,1096,1.5037263631820679,0.9179210662841797
1096,1097,1.5035204887390137,0.9110381603240967
1097,1098,1.5033150911331177,0.9161531925201416
1098,1099,1.5031099319458008,0.9075138568878174
1099,1100,1.502905249595642,0.912125825881958
1100,1101,1.502700924873352,0.9084789752960205
1101,1102,1.5024968385696411,0.9201667308807373
1102,1103,1.5022932291030884,0.9221060276031494
1103,1104,1.5020900964736938,0.9224991798400879
1104,1105,1.5018870830535889,0.9152019023895264
1105,1106,1.501684308052063,0.9198520183563232
1106,1107,1.5014822483062744,0.9260830879211426
1107,1108,1.5012803077697754,0.9145052433013916
1108,1109,1.501078724861145,0.9165968894958496
1109,1110,1.5008777379989624,0.9063401222229004
1110,1111,1.5006768703460693,0.9193868637084961
1111,1112,1.500476360321045,0.9200141429901123
1112,1113,1.5002762079238892,0.9282851219177246
1113,1114,1.5000765323638916,0.9534847736358643
1114,1115,1.4998770952224731,0.9297540187835693
1115,1116,1.4996777772903442,0.9231302738189697
1116,1117,1.4994791746139526,0.9162378311157227
1117,1118,1.499280571937561,0.9143271446228027
1118,1119,1.4990826845169067,0.9064116477966309
1119,1120,1.4988850355148315,0.9308459758758545
1120,1121,1.498687744140625,0.9939711093902588
1121,1122,1.498490571975708,0.9565451145172119
1122,1123,1.4982938766479492,0.9211649894714355
1123,1124,1.498097538948059,0.9223580360412598
1124,1125,1.497901439666748,0.9135339260101318
1125,1126,1.4977058172225952,0.9152588844299316
1126,1127,1.4975104331970215,0.9205477237701416
1127,1128,1.497315526008606,0.918267011642456
1128,1129,1.4971206188201904,0.9120082855224609
1129,1130,1.4969265460968018,0.9195749759674072
1130,1131,1.4967323541641235,0.9094099998474121
1131,1132,1.496538519859314,0.9195859432220459
1132,1133,1.4963452816009521,0.9174230098724365
1133,1134,1.4961521625518799,0.9174759387969971
1134,1135,1.4959595203399658,0.9197957515716553
1135,1136,1.4957672357559204,0.9174768924713135
1136,1137,1.4955750703811646,0.913632869720459
1137,1138,1.4953835010528564,0.911139965057373
1138,1139,1.4951919317245483,0.9088742733001709
1139,1140,1.495000958442688,0.9134070873260498
1140,1141,1.4948102235794067,0.9042220115661621
1141,1142,1.4946197271347046,0.9131119251251221
1142,1143,1.4944297075271606,0.9173328876495361
1143,1144,1.4942400455474854,0.9197609424591064
1144,1145,1.49405038356781,0.9121830463409424
1145,1146,1.4938613176345825,0.9176881313323975
1146,1147,1.493672490119934,0.9161677360534668
1147,1148,1.4934840202331543,0.9098889827728271
1148,1149,1.4932959079742432,0.9263288974761963
1149,1150,1.4931080341339111,0.9321761131286621
1150,1151,1.4929205179214478,0.9156830310821533
1151,1152,1.4927332401275635,0.9103622436523438
1152,1153,1.4925463199615479,0.9134180545806885
1153,1154,1.4923598766326904,0.9143660068511963
1154,1155,1.492173671722412,0.9184801578521729
1155,1156,1.4919874668121338,0.9196798801422119
1156,1157,1.4918019771575928,0.9146349430084229
1157,1158,1.4916164875030518,0.9087769985198975
1158,1159,1.491431474685669,0.9200582504272461
1159,1160,1.4912468194961548,0.9125471115112305
1160,1161,1.4910624027252197,0.9209191799163818
1161,1162,1.4908782243728638,0.9025959968566895
1162,1163,1.4906944036483765,0.9139997959136963
1163,1164,1.490511178970337,0.9065899848937988
1164,1165,1.4903279542922974,0.9156358242034912
1165,1166,1.4901450872421265,0.9125208854675293
1166,1167,1.4899624586105347,0.9080679416656494
1167,1168,1.4897801876068115,0.9144182205200195
1168,1169,1.4895981550216675,0.9059503078460693
1169,1170,1.4894165992736816,0.910120964050293
1170,1171,1.489235281944275,0.9068150520324707
1171,1172,1.4890543222427368,0.9076809883117676
1172,1173,1.4888734817504883,1.1286931037902832
1173,1174,1.4886929988861084,1.042414903640747
1174,1175,1.4885127544403076,0.9630300998687744
1175,1176,1.488332986831665,0.936255931854248
1176,1177,1.4881534576416016,0.9126772880554199
1177,1178,1.4879742860794067,0.9103870391845703
1178,1179,1.4877952337265015,0.8989608287811279
1179,1180,1.4876166582107544,0.8975539207458496
1180,1181,1.4874382019042969,0.9092638492584229
1181,1182,1.4872602224349976,0.897165060043335
1182,1183,1.487082600593567,0.9048938751220703
1183,1184,1.4869049787521362,0.9058229923248291
1184,1185,1.4867277145385742,0.9005193710327148
1185,1186,1.4865509271621704,0.9032201766967773
1186,1187,1.4863741397857666,0.8954272270202637
1187,1188,1.4861980676651,0.9157388210296631
1188,1189,1.4860221147537231,1.066415786743164
1189,1190,1.4858462810516357,0.9552631378173828
1190,1191,1.4856709241867065,0.953392744064331
1191,1192,1.4854958057403564,0.9743189811706543
1192,1193,1.4853209257125854,0.9623780250549316
1193,1194,1.4851465225219727,0.9348909854888916
1194,1195,1.4849721193313599,0.920238733291626
1195,1196,1.4847983121871948,0.9145090579986572
1196,1197,1.4846242666244507,0.9177849292755127
1197,1198,1.4844510555267334,0.918921947479248
1198,1199,1.4842779636383057,0.9219000339508057
1199,1200,1.484105110168457,0.9260411262512207
1200,1201,1.4839324951171875,0.9232597351074219
1201,1202,1.4837603569030762,0.9349939823150635
1202,1203,1.4835882186889648,0.9146149158477783
1203,1204,1.4834166765213013,0.914560079574585
1204,1205,1.4832451343536377,0.9135780334472656
1205,1206,1.4830738306045532,0.9125189781188965
1206,1207,1.482903003692627,0.9212679862976074
1207,1208,1.4827324151992798,0.9230189323425293
1208,1209,1.4825620651245117,0.9228501319885254
1209,1210,1.4823921918869019,0.9173672199249268
1210,1211,1.482222318649292,0.9336638450622559
1211,1212,1.4820529222488403,0.9242208003997803
1212,1213,1.4818837642669678,0.9156069755554199
1213,1214,1.4817148447036743,0.9260010719299316
1214,1215,1.4815460443496704,0.9106740951538086
1215,1216,1.4813778400421143,0.9215607643127441
1216,1217,1.4812097549438477,0.9138848781585693
1217,1218,1.4810417890548706,0.9293491840362549
1218,1219,1.4808743000030518,0.9276561737060547
1219,1220,1.480707049369812,0.9267418384552002
1220,1221,1.480540156364441,0.9334259033203125
1221,1222,1.4803733825683594,0.9353458881378174
1222,1223,1.4802069664001465,0.9296960830688477
1223,1224,1.4800406694412231,0.9274399280548096
1224,1225,1.479874849319458,0.9229791164398193
1225,1226,1.4797091484069824,0.9229099750518799
1226,1227,1.4795438051223755,0.9202597141265869
1227,1228,1.4793787002563477,0.9151830673217773
1228,1229,1.479213833808899,0.9139590263366699
1229,1230,1.4790492057800293,0.9190638065338135
1230,1231,1.4788849353790283,0.921666145324707
1231,1232,1.4787209033966064,0.9228198528289795
1232,1233,1.4785572290420532,0.9251580238342285
1233,1234,1.4783935546875,0.9286179542541504
1234,1235,1.478230357170105,0.9225590229034424
1235,1236,1.4780675172805786,0.9150557518005371
1236,1237,1.4779046773910522,0.9133560657501221
1237,1238,1.477742314338684,0.9152209758758545
1238,1239,1.4775800704956055,0.9119160175323486
1239,1240,1.4774179458618164,0.9113290309906006
1240,1241,1.477256417274475,0.9126710891723633
1241,1242,1.4770950078964233,0.9132869243621826
1242,1243,1.4769337177276611,0.9127178192138672
1243,1244,1.4767727851867676,0.9153721332550049
1244,1245,1.4766122102737427,0.9173388481140137
1245,1246,1.4764517545700073,0.909294843673706
1246,1247,1.4762916564941406,0.911902904510498
1247,1248,1.4761316776275635,0.9092929363250732
1248,1249,1.475972294807434,0.9100263118743896
1249,1250,1.4758129119873047,0.91103196144104
1250,1251,1.4756536483764648,0.9017210006713867
1251,1252,1.4754948616027832,0.9183521270751953
1252,1253,1.4753361940383911,0.9206297397613525
1253,1254,1.4751777648925781,0.9195120334625244
1254,1255,1.4750198125839233,0.9145128726959229
1255,1256,1.474861741065979,0.9101881980895996
1256,1257,1.474704384803772,0.9119119644165039
1257,1258,1.4745469093322754,0.9080278873443604
1258,1259,1.4743897914886475,0.9121689796447754
1259,1260,1.4742331504821777,0.9043138027191162
1260,1261,1.4740763902664185,0.9116861820220947
1261,1262,1.4739199876785278,0.9074938297271729
1262,1263,1.4737639427185059,0.9150569438934326
1263,1264,1.4736078977584839,0.9065361022949219
1264,1265,1.4734524488449097,0.9138381481170654
1265,1266,1.473296880722046,0.9166779518127441
1266,1267,1.4731417894363403,0.9082088470458984
1267,1268,1.4729868173599243,0.9065217971801758
1268,1269,1.472832202911377,0.9100339412689209
1269,1270,1.4726778268814087,0.904029130935669
1270,1271,1.47252357006073,0.9086179733276367
1271,1272,1.47236967086792,0.9133040904998779
1272,1273,1.472216010093689,0.9104459285736084
1273,1274,1.4720624685287476,0.9048130512237549
1274,1275,1.4719091653823853,0.9855999946594238
1275,1276,1.4717563390731812,0.9148287773132324
1276,1277,1.471603512763977,0.9187047481536865
1277,1278,1.471450924873352,0.9139299392700195
1278,1279,1.4712988138198853,0.9059340953826904
1279,1280,1.471146583557129,0.913153886795044
1280,1281,1.4709948301315308,0.9106402397155762
1281,1282,1.4708433151245117,0.9185209274291992
1282,1283,1.4706919193267822,0.9210851192474365
1283,1284,1.4705408811569214,0.9223129749298096
1284,1285,1.4703902006149292,0.9101059436798096
1285,1286,1.4702394008636475,0.911142110824585
1286,1287,1.4700888395309448,0.9236640930175781
1287,1288,1.4699387550354004,0.9181108474731445
1288,1289,1.4697887897491455,0.9187967777252197
1289,1290,1.4696390628814697,0.922389030456543
1290,1291,1.4694898128509521,0.9095358848571777
1291,1292,1.4693403244018555,0.916172981262207
1292,1293,1.4691914319992065,0.9155888557434082
1293,1294,1.4690425395965576,0.9100708961486816
1294,1295,1.4688938856124878,0.9141643047332764
1295,1296,1.468745470046997,0.9199211597442627
1296,1297,1.4685975313186646,0.9608790874481201
1297,1298,1.4684494733810425,0.9257092475891113
1298,1299,1.4683018922805786,0.9145243167877197
1299,1300,1.4681543111801147,0.9233007431030273
1300,1301,1.468007206916809,0.9205799102783203
1301,1302,1.4678601026535034,0.9036169052124023
1302,1303,1.4677132368087769,0.9117038249969482
1303,1304,1.467566728591919,0.912775993347168
1304,1305,1.467420220375061,0.9074192047119141
1305,1306,1.4672743082046509,0.908149003982544
1306,1307,1.4671282768249512,0.9211370944976807
1307,1308,1.4669826030731201,0.920616865158081
1308,1309,1.4668370485305786,0.9114887714385986
1309,1310,1.4666919708251953,0.9092502593994141
1310,1311,1.466546654701233,0.9155721664428711
1311,1312,1.4664019346237183,0.9431970119476318
1312,1313,1.4662572145462036,0.9152429103851318
1313,1314,1.466112732887268,0.9100768566131592
1314,1315,1.4659688472747803,0.917778730392456
1315,1316,1.465824842453003,0.9145710468292236
1316,1317,1.4656810760498047,0.9116971492767334
1317,1318,1.465537428855896,0.9105288982391357
1318,1319,1.465394377708435,0.9124078750610352
1319,1320,1.465251088142395,0.9241130352020264
1320,1321,1.465108036994934,0.920769214630127
1321,1322,1.4649652242660522,0.915477991104126
1322,1323,1.464822769165039,0.9137840270996094
1323,1324,1.464680552482605,0.9148099422454834
1324,1325,1.46453857421875,0.9201512336730957
1325,1326,1.4643967151641846,0.9154748916625977
1326,1327,1.4642548561096191,0.9203128814697266
1327,1328,1.4641133546829224,0.9244410991668701
1328,1329,1.4639722108840942,0.9138376712799072
1329,1330,1.4638313055038452,0.9080600738525391
1330,1331,1.4636902809143066,0.9219460487365723
1331,1332,1.4635496139526367,0.9106409549713135
1332,1333,1.463409185409546,0.9244081974029541
1333,1334,1.4632689952850342,0.9125223159790039
1334,1335,1.4631288051605225,0.9164829254150391
1335,1336,1.4629889726638794,0.9276590347290039
1336,1337,1.462849497795105,0.9226136207580566
1337,1338,1.462709903717041,0.920849084854126
1338,1339,1.4625707864761353,0.9217817783355713
1339,1340,1.4624316692352295,0.9156250953674316
1340,1341,1.4622929096221924,0.9175312519073486
1341,1342,1.4621541500091553,0.9130661487579346
1342,1343,1.4620158672332764,0.9204971790313721
1343,1344,1.4618775844573975,0.9183521270751953
1344,1345,1.461739420890808,0.9217438697814941
1345,1346,1.4616016149520874,0.9076459407806396
1346,1347,1.4614638090133667,0.919389009475708
1347,1348,1.4613263607025146,0.911527156829834
1348,1349,1.4611892700195312,0.9121379852294922
1349,1350,1.4610522985458374,0.9265539646148682
1350,1351,1.460915207862854,0.9125978946685791
1351,1352,1.4607785940170288,0.9223690032958984
1352,1353,1.4606420993804932,0.9174997806549072
1353,1354,1.460505723953247,0.9178440570831299
1354,1355,1.46036958694458,0.9217438697814941
1355,1356,1.4602336883544922,0.911933183670044
1356,1357,1.4600980281829834,0.9137599468231201
1357,1358,1.4599624872207642,0.9078269004821777
1358,1359,1.4598270654678345,0.9111759662628174
1359,1360,1.4596918821334839,0.920863151550293
1360,1361,1.459557056427002,0.9139373302459717
1361,1362,1.4594223499298096,0.91375732421875
1362,1363,1.459287405014038,0.9118740558624268
1363,1364,1.459153175354004,0.9092481136322021
1364,1365,1.4590189456939697,0.9178111553192139
1365,1366,1.4588847160339355,0.9061849117279053
1366,1367,1.4587509632110596,0.9199008941650391
1367,1368,1.4586172103881836,0.9130728244781494
1368,1369,1.4584836959838867,0.9152441024780273
1369,1370,1.458350419998169,0.9036569595336914
1370,1371,1.4582172632217407,0.9101366996765137
1371,1372,1.4580844640731812,0.9102630615234375
1372,1373,1.4579514265060425,0.9095139503479004
1373,1374,1.457818865776062,0.9011001586914062
1374,1375,1.457686424255371,0.9147284030914307
1375,1376,1.4575542211532593,0.9117131233215332
1376,1377,1.4574222564697266,0.9016282558441162
1377,1378,1.4572902917861938,0.9056780338287354
1378,1379,1.4571584463119507,0.9097340106964111
1379,1380,1.4570269584655762,0.915571928024292
1380,1381,1.4568958282470703,0.8963611125946045
1381,1382,1.4567644596099854,0.9115719795227051
1382,1383,1.4566336870193481,0.9573607444763184
1383,1384,1.4565027952194214,0.939223051071167
1384,1385,1.4563721418380737,0.9296400547027588
1385,1386,1.4562416076660156,0.9279618263244629
1386,1387,1.4561114311218262,0.9039838314056396
1387,1388,1.4559812545776367,0.9135851860046387
1388,1389,1.4558511972427368,0.9035630226135254
1389,1390,1.4557214975357056,0.8916411399841309
1390,1391,1.4555919170379639,0.9029397964477539
1391,1392,1.4554626941680908,0.8983769416809082
1392,1393,1.4553333520889282,0.9015018939971924
1393,1394,1.4552042484283447,0.909207820892334
1394,1395,1.4550753831863403,0.9084131717681885
1395,1396,1.4549466371536255,0.906013011932373
1396,1397,1.4548178911209106,0.907663106918335
1397,1398,1.454689621925354,0.9052088260650635
1398,1399,1.4545613527297974,0.9021320343017578
1399,1400,1.4544333219528198,0.8984689712524414
1400,1401,1.4543052911758423,0.9091172218322754
1401,1402,1.454177737236023,0.9044032096862793
1402,1403,1.454050064086914,0.9006781578063965
1403,1404,1.4539226293563843,0.8971729278564453
1404,1405,1.4537955522537231,0.8972249031066895
1405,1406,1.453668475151062,0.9056859016418457
1406,1407,1.4535417556762695,0.9053287506103516
1407,1408,1.453414797782898,1.007539987564087
1408,1409,1.4532883167266846,0.936384916305542
1409,1410,1.4531618356704712,0.9611940383911133
1410,1411,1.4530357122421265,0.9455993175506592
1411,1412,1.4529095888137817,0.9109370708465576
1412,1413,1.4527839422225952,0.9245328903198242
1413,1414,1.4526580572128296,0.9063191413879395
1414,1415,1.452532410621643,0.9085698127746582
1415,1416,1.4524070024490356,0.903454065322876
1416,1417,1.4522818326950073,0.913337230682373
1417,1418,1.452156662940979,0.9044070243835449
1418,1419,1.4520318508148193,0.9167599678039551
1419,1420,1.4519069194793701,0.917747974395752
1420,1421,1.451782464981079,0.9068799018859863
1421,1422,1.4516578912734985,0.9028961658477783
1422,1423,1.4515336751937866,0.9075000286102295
1423,1424,1.4514094591140747,0.9097919464111328
1424,1425,1.4512856006622314,0.9059882164001465
1425,1426,1.4511617422103882,0.9093191623687744
1426,1427,1.451038122177124,0.9034240245819092
1427,1428,1.450914740562439,0.9031698703765869
1428,1429,1.450791358947754,0.9158978462219238
1429,1430,1.4506680965423584,0.9067592620849609
1430,1431,1.4505449533462524,0.9074809551239014
1431,1432,1.4504220485687256,0.9146440029144287
1432,1433,1.450299620628357,0.9121589660644531
1433,1434,1.4501770734786987,0.9078779220581055
1434,1435,1.4500545263290405,0.9036967754364014
1435,1436,1.449932336807251,0.9103820323944092
1436,1437,1.449810266494751,0.9006719589233398
1437,1438,1.4496883153915405,0.9048812389373779
1438,1439,1.4495664834976196,0.9104471206665039
1439,1440,1.4494450092315674,0.9119529724121094
1440,1441,1.4493234157562256,0.906707763671875
1441,1442,1.4492021799087524,0.9022221565246582
1442,1443,1.4490809440612793,0.9130101203918457
1443,1444,1.4489600658416748,0.9109532833099365
1444,1445,1.4488391876220703,0.9045979976654053
1445,1446,1.448718547821045,0.9088990688323975
1446,1447,1.448598027229309,0.9318289756774902
1447,1448,1.4484775066375732,0.9128890037536621
1448,1449,1.4483572244644165,0.9107568264007568
1449,1450,1.4482371807098389,0.9081110954284668
1450,1451,1.4481172561645508,0.9175271987915039
1451,1452,1.4479975700378418,0.9099352359771729
1452,1453,1.4478778839111328,0.9171109199523926
1453,1454,1.4477583169937134,0.9084289073944092
1454,1455,1.447638988494873,0.9291839599609375
1455,1456,1.4475198984146118,0.9337880611419678
1456,1457,1.4474009275436401,0.9152266979217529
1457,1458,1.447282075881958,0.9166500568389893
1458,1459,1.4471631050109863,1.0840919017791748
1459,1460,1.4470444917678833,1.0539648532867432
1460,1461,1.4469259977340698,0.954866886138916
1461,1462,1.446807622909546,0.9315488338470459
1462,1463,1.4466896057128906,0.9741020202636719
1463,1464,1.4465714693069458,1.0624148845672607
1464,1465,1.44645357131958,0.9928488731384277
1465,1466,1.4463361501693726,0.952631950378418
1466,1467,1.446218490600586,0.945756196975708
1467,1468,1.4461008310317993,1.0268816947937012
1468,1469,1.445983648300171,0.9343020915985107
1469,1470,1.4458667039871216,0.9246938228607178
1470,1471,1.4457496404647827,0.9397189617156982
1471,1472,1.445632815361023,0.9329407215118408
1472,1473,1.4455159902572632,0.9289541244506836
1473,1474,1.4453994035720825,0.9297027587890625
1474,1475,1.4452829360961914,0.9244799613952637
1475,1476,1.445166826248169,0.9233729839324951
1476,1477,1.445050597190857,0.9231839179992676
1477,1478,1.4449347257614136,0.9266560077667236
1478,1479,1.4448188543319702,0.9249651432037354
1479,1480,1.4447029829025269,0.9273040294647217
1480,1481,1.4445874691009521,0.9356439113616943
1481,1482,1.4444721937179565,0.9272971153259277
1482,1483,1.444356918334961,0.9348361492156982
1483,1484,1.4442415237426758,0.9288790225982666
1484,1485,1.4441269636154175,0.9352469444274902
1485,1486,1.4440118074417114,0.939335823059082
1486,1487,1.4438971281051636,0.9247758388519287
1487,1488,1.4437824487686157,0.9267189502716064
1488,1489,1.443668007850647,0.923785924911499
1489,1490,1.4435536861419678,0.9275498390197754
1490,1491,1.4434394836425781,0.9207038879394531
1491,1492,1.4433255195617676,0.9241361618041992
1492,1493,1.4432116746902466,0.9241659641265869
1493,1494,1.4430978298187256,0.9355359077453613
1494,1495,1.4429842233657837,0.9377238750457764
1495,1496,1.4428707361221313,0.9255270957946777
1496,1497,1.4427573680877686,0.9251279830932617
1497,1498,1.4426441192626953,0.9260208606719971
1498,1499,1.4425311088562012,0.9292359352111816
1499,1500,1.4424182176589966,0.9344511032104492
1500,1501,1.4423054456710815,0.9214060306549072
1501,1502,1.4421926736831665,0.929401159286499
1502,1503,1.4420801401138306,0.9334530830383301
1503,1504,1.4419679641723633,0.9216692447662354
1504,1505,1.4418556690216064,0.9244060516357422
1505,1506,1.4417436122894287,0.9298920631408691
1506,1507,1.441631555557251,0.9380898475646973
1507,1508,1.4415196180343628,0.9234871864318848
1508,1509,1.4414080381393433,0.9242458343505859
1509,1510,1.4412963390350342,0.9249169826507568
1510,1511,1.4411849975585938,0.9176299571990967
1511,1512,1.4410736560821533,0.9228291511535645
1512,1513,1.440962553024292,0.9231808185577393
1513,1514,1.4408513307571411,0.9195902347564697
1514,1515,1.4407404661178589,0.9277722835540771
1515,1516,1.4406297206878662,0.9237730503082275
1516,1517,1.440519094467163,0.9201691150665283
1517,1518,1.44040846824646,0.9167070388793945
1518,1519,1.4402981996536255,0.9272809028625488
1519,1520,1.4401878118515015,0.922565221786499
1520,1521,1.4400779008865356,0.9246339797973633
1521,1522,1.4399678707122803,0.9081168174743652
1522,1523,1.439858078956604,0.9131519794464111
1523,1524,1.4397482872009277,0.9149632453918457
1524,1525,1.439638614654541,0.9239542484283447
1525,1526,1.439529299736023,0.915410041809082
1526,1527,1.4394199848175049,0.9208109378814697
1527,1528,1.4393106698989868,0.9220869541168213
1528,1529,1.4392014741897583,0.9258148670196533
1529,1530,1.4390926361083984,0.9161720275878906
1530,1531,1.4389837980270386,0.9516510963439941
1531,1532,1.4388750791549683,0.9209592342376709
1532,1533,1.438766360282898,0.9211831092834473
1533,1534,1.4386579990386963,0.9195041656494141
1534,1535,1.4385496377944946,0.918755292892456
1535,1536,1.438441514968872,0.9147131443023682
1536,1537,1.4383333921432495,0.9254679679870605
1537,1538,1.4382253885269165,0.9200928211212158
1538,1539,1.4381176233291626,0.9299557209014893
1539,1540,1.4380099773406982,0.9283649921417236
1540,1541,1.437902569770813,0.9386472702026367
1541,1542,1.4377951622009277,0.9128592014312744
1542,1543,1.4376877546310425,0.9124228954315186
1543,1544,1.4375803470611572,0.913140058517456
1544,1545,1.4374734163284302,0.9210529327392578
1545,1546,1.4373666048049927,0.919456958770752
1546,1547,1.4372597932815552,0.9211199283599854
1547,1548,1.4371528625488281,0.91892409324646
1548,1549,1.4370465278625488,0.9228730201721191
1549,1550,1.4369399547576904,0.9204883575439453
1550,1551,1.4368336200714111,0.9245650768280029
1551,1552,1.436727523803711,0.9204959869384766
1552,1553,1.4366214275360107,0.9214599132537842
1553,1554,1.4365155696868896,0.9097871780395508
1554,1555,1.4364094734191895,0.9154059886932373
1555,1556,1.4363040924072266,0.9049699306488037
1556,1557,1.436198353767395,0.9151151180267334
1557,1558,1.436092734336853,0.9101560115814209
1558,1559,1.4359874725341797,0.9147040843963623
1559,1560,1.4358822107315063,0.9164867401123047
1560,1561,1.435777187347412,0.9271130561828613
1561,1562,1.4356720447540283,0.9153120517730713
1562,1563,1.4355671405792236,0.9178199768066406
1563,1564,1.435462474822998,0.910714864730835
1564,1565,1.4353578090667725,0.9244041442871094
1565,1566,1.435253381729126,0.9094281196594238
1566,1567,1.435149073600769,0.9746479988098145
1567,1568,1.435044765472412,0.921389102935791
1568,1569,1.434940218925476,0.9145021438598633
1569,1570,1.434836506843567,0.9326281547546387
1570,1571,1.4347325563430786,0.9264621734619141
1571,1572,1.4346287250518799,0.9204730987548828
1572,1573,1.4345248937606812,0.9142308235168457
1573,1574,1.434421420097351,0.9232428073883057
1574,1575,1.4343178272247314,0.9215340614318848
1575,1576,1.43421471118927,0.9184319972991943
1576,1577,1.434111475944519,0.9158499240875244
1577,1578,1.4340083599090576,0.9247238636016846
1578,1579,1.4339051246643066,0.9178240299224854
1579,1580,1.4338022470474243,0.919158935546875
1580,1581,1.433699607849121,0.9253368377685547
1581,1582,1.4335968494415283,0.9320859909057617
1582,1583,1.4334944486618042,0.9302458763122559
1583,1584,1.4333919286727905,0.910754919052124
1584,1585,1.4332897663116455,0.9234030246734619
1585,1586,1.43318772315979,0.9181668758392334
1586,1587,1.4330854415893555,0.9236421585083008
1587,1588,1.4329835176467896,0.9213707447052002
1588,1589,1.432881474494934,0.9164438247680664
1589,1590,1.4327799081802368,0.9242391586303711
1590,1591,1.43267822265625,0.9245879650115967
1591,1592,1.4325767755508423,0.9240460395812988
1592,1593,1.4324754476547241,0.9290409088134766
1593,1594,1.4323740005493164,0.9247701168060303
1594,1595,1.4322729110717773,0.9246752262115479
1595,1596,1.4321718215942383,0.9196171760559082
1596,1597,1.4320708513259888,0.9240291118621826
1597,1598,1.4319701194763184,0.9153258800506592
1598,1599,1.431869387626648,0.9226760864257812
1599,1600,1.4317686557769775,0.9273951053619385
1600,1601,1.4316681623458862,0.9305570125579834
1601,1602,1.4315677881240845,0.9337639808654785
1602,1603,1.4314674139022827,0.9325850009918213
1603,1604,1.4313673973083496,0.9336869716644287
1604,1605,1.431267261505127,0.9278700351715088
1605,1606,1.4311672449111938,0.9247958660125732
1606,1607,1.4310674667358398,0.9273338317871094
1607,1608,1.4309676885604858,0.9237630367279053
1608,1609,1.4308680295944214,0.9369509220123291
1609,1610,1.430768609046936,0.9312598705291748
1610,1611,1.4306693077087402,0.9248368740081787
1611,1612,1.4305698871612549,0.9363880157470703
1612,1613,1.4304707050323486,0.9342081546783447
1613,1614,1.4303715229034424,0.9462499618530273
1614,1615,1.4302725791931152,0.9363930225372314
1615,1616,1.4301738739013672,0.9417941570281982
1616,1617,1.43007493019104,0.9313631057739258
1617,1618,1.429976463317871,0.9716529846191406
1618,1619,1.4298779964447021,1.063920259475708
1619,1620,1.4297794103622437,0.9802610874176025
1620,1621,1.4296809434890747,0.9632019996643066
1621,1622,1.429582953453064,1.0061728954315186
1622,1623,1.4294849634170532,0.958104133605957
1623,1624,1.4293867349624634,0.9649839401245117
1624,1625,1.4292888641357422,0.9618470668792725
1625,1626,1.4291912317276,0.9460749626159668
1626,1627,1.429093360900879,0.9502127170562744
1627,1628,1.428995966911316,0.9542508125305176
1628,1629,1.4288983345031738,0.9442508220672607
1629,1630,1.4288009405136108,0.952794075012207
1630,1631,1.428703784942627,0.9508211612701416
1631,1632,1.4286065101623535,0.9544367790222168
1632,1633,1.4285097122192383,0.9501650333404541
1633,1634,1.428412675857544,0.9475107192993164
1634,1635,1.4283158779144287,0.9624330997467041
1635,1636,1.428219199180603,0.9478878974914551
1636,1637,1.4281225204467773,0.9621901512145996
1637,1638,1.4280259609222412,0.9512960910797119
1638,1639,1.4279295206069946,0.9658322334289551
1639,1640,1.427833080291748,0.9487180709838867
1640,1641,1.4277371168136597,0.9423518180847168
1641,1642,1.4276410341262817,0.9445171356201172
1642,1643,1.4275449514389038,0.9578642845153809
1643,1644,1.4274489879608154,0.9557721614837646
1644,1645,1.4273532629013062,0.9550368785858154
1645,1646,1.4272575378417969,0.9544389247894287
1646,1647,1.4271620512008667,0.9547357559204102
1647,1648,1.427066683769226,0.9399979114532471
1648,1649,1.4269710779190063,0.943572998046875
1649,1650,1.4268758296966553,0.9454841613769531
1650,1651,1.4267807006835938,0.9375619888305664
1651,1652,1.4266855716705322,0.9482970237731934
1652,1653,1.4265906810760498,0.9361600875854492
1653,1654,1.426495909690857,0.9426641464233398
1654,1655,1.4264010190963745,0.9337780475616455
1655,1656,1.4263064861297607,0.9416887760162354
1656,1657,1.4262120723724365,0.9443929195404053
1657,1658,1.4261176586151123,0.9405980110168457
1658,1659,1.4260231256484985,0.9352321624755859
1659,1660,1.4259288311004639,0.9282102584838867
1660,1661,1.4258347749710083,0.9278531074523926
1661,1662,1.4257407188415527,0.9309940338134766
1662,1663,1.4256470203399658,0.9336130619049072
1663,1664,1.4255529642105103,0.9284231662750244
1664,1665,1.425459384918213,0.9289319515228271
1665,1666,1.425365686416626,0.9336068630218506
1666,1667,1.4252721071243286,0.9437639713287354
1667,1668,1.4251785278320312,0.9339542388916016
1668,1669,1.4250853061676025,0.9306092262268066
1669,1670,1.4249920845031738,0.9269897937774658
1670,1671,1.4248991012573242,0.9236609935760498
1671,1672,1.4248061180114746,0.9241700172424316
1672,1673,1.424713134765625,0.9232931137084961
1673,1674,1.4246201515197754,0.9108450412750244
1674,1675,1.424527645111084,0.9189968109130859
1675,1676,1.4244349002838135,0.92572021484375
1676,1677,1.424342393875122,0.9171042442321777
1677,1678,1.4242498874664307,0.9226560592651367
1678,1679,1.4241575002670288,0.9239411354064941
1679,1680,1.424065351486206,0.9128639698028564
1680,1681,1.4239732027053833,0.9157249927520752
1681,1682,1.4238812923431396,0.9146649837493896
1682,1683,1.4237892627716064,0.9132969379425049
1683,1684,1.423697590827942,1.0479137897491455
1684,1685,1.4236056804656982,1.1513690948486328
1685,1686,1.4235141277313232,1.0369648933410645
1686,1687,1.4234224557876587,1.0214111804962158
1687,1688,1.4233312606811523,0.9923579692840576
1688,1689,1.4232397079467773,1.0686430931091309
1689,1690,1.423148512840271,1.1636619567871094
1690,1691,1.4230574369430542,1.0737881660461426
1691,1692,1.4229665994644165,1.0588841438293457
1692,1693,1.4228755235671997,0.9865579605102539
1693,1694,1.4227845668792725,0.9687929153442383
1694,1695,1.4226938486099243,0.947105884552002
1695,1696,1.4226032495498657,0.9241828918457031
1696,1697,1.4225127696990967,0.9038970470428467
1697,1698,1.4224222898483276,0.9160041809082031
1698,1699,1.4223319292068481,0.90431809425354
1699,1700,1.4222416877746582,0.9267628192901611
1700,1701,1.4221515655517578,0.9087851047515869
1701,1702,1.4220614433288574,0.8948469161987305
1702,1703,1.4219716787338257,0.911113977432251
1703,1704,1.4218816757202148,0.9284939765930176
1704,1705,1.421791911125183,0.9213178157806396
1705,1706,1.4217021465301514,0.9089808464050293
1706,1707,1.4216126203536987,0.932366132736206
1707,1708,1.421523094177246,1.1451759338378906
1708,1709,1.4214338064193726,1.0286109447479248
1709,1710,1.421344518661499,0.972999095916748
1710,1711,1.421255350112915,0.9919388294219971
1711,1712,1.4211660623550415,0.9881460666656494
1712,1713,1.4210773706436157,0.9373190402984619
1713,1714,1.4209883213043213,0.9249269962310791
1714,1715,1.4208996295928955,0.9256439208984375
1715,1716,1.4208108186721802,0.9219262599945068
1716,1717,1.4207221269607544,0.9342477321624756
1717,1718,1.4206336736679077,0.928919792175293
1718,1719,1.420545220375061,0.9358551502227783
1719,1720,1.4204567670822144,0.9321801662445068
1720,1721,1.4203687906265259,0.9396202564239502
1721,1722,1.4202804565429688,0.9310410022735596
1722,1723,1.4201924800872803,0.9325869083404541
1723,1724,1.4201045036315918,0.9244189262390137
1724,1725,1.4200166463851929,0.9375128746032715
1725,1726,1.4199289083480835,0.9362998008728027
1726,1727,1.4198411703109741,0.9421350955963135
1727,1728,1.4197536706924438,0.9356598854064941
1728,1729,1.4196661710739136,0.9281387329101562
1729,1730,1.4195789098739624,0.9329090118408203
1730,1731,1.4194915294647217,0.9340269565582275
1731,1732,1.4194045066833496,0.9413890838623047
1732,1733,1.419317364692688,0.9380068778991699
1733,1734,1.419230341911316,0.9346139430999756
1734,1735,1.4191433191299438,0.9405617713928223
1735,1736,1.4190564155578613,0.9408011436462402
1736,1737,1.4189698696136475,0.93955397605896
1737,1738,1.4188830852508545,0.9454531669616699
1738,1739,1.4187965393066406,0.9305429458618164
1739,1740,1.4187099933624268,0.9388871192932129
1740,1741,1.4186238050460815,0.9322819709777832
1741,1742,1.4185374975204468,0.933664083480835
1742,1743,1.4184514284133911,0.936845064163208
1743,1744,1.418365240097046,0.9466967582702637
1744,1745,1.4182792901992798,0.9433290958404541
1745,1746,1.4181934595108032,0.9818308353424072
1746,1747,1.4181077480316162,0.974858283996582
1747,1748,1.4180216789245605,0.9465651512145996
1748,1749,1.4179364442825317,0.9434399604797363
1749,1750,1.4178507328033447,0.9403698444366455
1750,1751,1.4177653789520264,0.9460968971252441
1751,1752,1.4176801443099976,0.9350390434265137
1752,1753,1.4175949096679688,0.9410221576690674
1753,1754,1.41750967502594,0.9259719848632812
1754,1755,1.4174245595932007,0.9311020374298096
1755,1756,1.4173396825790405,0.9304239749908447
1756,1757,1.4172545671463013,0.9281649589538574
1757,1758,1.4171698093414307,0.9389500617980957
1758,1759,1.4170852899551392,0.9282698631286621
1759,1760,1.417000651359558,0.9335861206054688
1760,1761,1.416916012763977,0.937932014465332
1761,1762,1.416831612586975,0.9341299533843994
1762,1763,1.4167473316192627,0.9313080310821533
1763,1764,1.4166629314422607,0.938256025314331
1764,1765,1.4165788888931274,0.9331181049346924
1765,1766,1.4164948463439941,0.9240219593048096
1766,1767,1.4164109230041504,0.9200358390808105
1767,1768,1.4163269996643066,0.937532901763916
1768,1769,1.4162431955337524,0.9300529956817627
1769,1770,1.4161596298217773,0.9267740249633789
1770,1771,1.4160760641098022,0.9268579483032227
1771,1772,1.4159923791885376,0.9449119567871094
1772,1773,1.415908932685852,0.9354369640350342
1773,1774,1.4158254861831665,0.924314022064209
1774,1775,1.4157425165176392,0.9390690326690674
1775,1776,1.4156594276428223,0.9391531944274902
1776,1777,1.4155761003494263,0.9211268424987793
1777,1778,1.415493130683899,0.9231460094451904
1778,1779,1.4154101610183716,0.9313619136810303
1779,1780,1.415327548980713,0.9222588539123535
1780,1781,1.415244698524475,0.9223580360412598
1781,1782,1.415162205696106,0.9236958026885986
1782,1783,1.4150795936584473,0.9283120632171631
1783,1784,1.4149972200393677,0.9546172618865967
1784,1785,1.4149147272109985,0.9237871170043945
1785,1786,1.414832592010498,0.9269468784332275
1786,1787,1.4147504568099976,0.92746901512146
1787,1788,1.414668321609497,0.9164209365844727
1788,1789,1.4145863056182861,0.9272902011871338
1789,1790,1.4145044088363647,0.9208817481994629
1790,1791,1.414422631263733,0.9282059669494629
1791,1792,1.4143409729003906,0.9131088256835938
1792,1793,1.4142591953277588,0.9173779487609863
1793,1794,1.414177417755127,0.915888786315918
1794,1795,1.4140961170196533,0.9333109855651855
1795,1796,1.4140148162841797,0.9297459125518799
1796,1797,1.413933515548706,0.9212141036987305
1797,1798,1.4138522148132324,0.925051212310791
1798,1799,1.4137710332870483,0.9274489879608154
1799,1800,1.4136899709701538,0.9285218715667725
1800,1801,1.4136089086532593,0.9242532253265381
1801,1802,1.4135282039642334,0.915780782699585
1802,1803,1.413447380065918,0.9317748546600342
1803,1804,1.4133667945861816,0.9278578758239746
1804,1805,1.4132860898971558,0.9195659160614014
1805,1806,1.4132055044174194,0.9168200492858887
1806,1807,1.4131252765655518,0.9263181686401367
1807,1808,1.4130449295043945,0.9247560501098633
1808,1809,1.4129645824432373,0.9282679557800293
1809,1810,1.4128844738006592,0.9243311882019043
1810,1811,1.4128044843673706,0.9268932342529297
1811,1812,1.4127243757247925,0.914506196975708
1812,1813,1.4126445055007935,0.914445161819458
1813,1814,1.4125646352767944,0.9177908897399902
1814,1815,1.4124850034713745,0.9260330200195312
1815,1816,1.4124051332473755,0.9183299541473389
1816,1817,1.4123257398605347,0.9278991222381592
1817,1818,1.4122461080551147,0.9196360111236572
1818,1819,1.4121668338775635,0.9847149848937988
1819,1820,1.4120874404907227,0.9191877841949463
1820,1821,1.412008285522461,0.9194948673248291
1821,1822,1.4119291305541992,0.9245190620422363
1822,1823,1.411850094795227,0.9377942085266113
1823,1824,1.4117711782455444,0.9234199523925781
1824,1825,1.4116921424865723,0.9257159233093262
1825,1826,1.4116134643554688,0.9209320545196533
1826,1827,1.4115347862243652,0.9199411869049072
1827,1828,1.4114561080932617,0.9221508502960205
1828,1829,1.4113774299621582,0.9260830879211426
1829,1830,1.411299228668213,0.915673017501831
1830,1831,1.4112207889556885,0.9194591045379639
1831,1832,1.4111424684524536,0.9201474189758301
1832,1833,1.4110643863677979,0.9248321056365967
1833,1834,1.4109861850738525,0.922461986541748
1834,1835,1.4109079837799072,0.924102783203125
1835,1836,1.4108301401138306,0.917640209197998
1836,1837,1.4107524156570435,0.9209432601928711
1837,1838,1.4106745719909668,0.9187970161437988
1838,1839,1.4105966091156006,0.9240901470184326
1839,1840,1.4105191230773926,0.9152741432189941
1840,1841,1.4104416370391846,0.9194498062133789
1841,1842,1.410364031791687,0.9324319362640381
1842,1843,1.410286784172058,0.9291262626647949
1843,1844,1.4102095365524292,0.9186389446258545
1844,1845,1.4101322889328003,0.9253978729248047
1845,1846,1.4100552797317505,0.923008918762207
1846,1847,1.4099782705307007,0.9574770927429199
1847,1848,1.4099011421203613,0.9353528022766113
1848,1849,1.4098244905471802,0.9285390377044678
1849,1850,1.4097474813461304,0.928246021270752
1850,1851,1.4096708297729492,0.9298880100250244
1851,1852,1.409594178199768,0.9355459213256836
1852,1853,1.4095176458358765,0.9262731075286865
1853,1854,1.409441351890564,0.9195249080657959
1854,1855,1.4093648195266724,0.923875093460083
1855,1856,1.4092886447906494,0.9272089004516602
1856,1857,1.4092124700546265,0.932365894317627
1857,1858,1.4091362953186035,0.9241290092468262
1858,1859,1.4090602397918701,0.9248478412628174
1859,1860,1.4089843034744263,0.9340610504150391
1860,1861,1.408908486366272,0.9614717960357666
1861,1862,1.4088325500488281,0.9329681396484375
1862,1863,1.4087568521499634,0.9333469867706299
1863,1864,1.4086813926696777,0.9316489696502686
1864,1865,1.408605694770813,0.9357509613037109
1865,1866,1.4085302352905273,0.9286971092224121
1866,1867,1.4084547758102417,0.9180331230163574
1867,1868,1.4083794355392456,0.9308123588562012
1868,1869,1.408304214477539,0.9266488552093506
1869,1870,1.408229112625122,0.923353910446167
1870,1871,1.4081541299819946,0.9306042194366455
1871,1872,1.4080790281295776,0.935175895690918
1872,1873,1.4080041646957397,0.9347410202026367
1873,1874,1.4079294204711914,0.9339478015899658
1874,1875,1.407854676246643,0.9283618927001953
1875,1876,1.4077800512313843,0.9286599159240723
1876,1877,1.4077054262161255,0.9184768199920654
1877,1878,1.4076309204101562,0.9406518936157227
1878,1879,1.4075565338134766,0.9298298358917236
1879,1880,1.4074821472167969,0.9280538558959961
1880,1881,1.4074078798294067,0.9352178573608398
1881,1882,1.4073336124420166,0.938776969909668
1882,1883,1.4072597026824951,0.9365103244781494
1883,1884,1.407185435295105,0.9302830696105957
1884,1885,1.4071117639541626,0.9339981079101562
1885,1886,1.4070378541946411,0.9330542087554932
1886,1887,1.4069640636444092,0.9275739192962646
1887,1888,1.4068901538848877,0.9263911247253418
1888,1889,1.4068167209625244,0.9286479949951172
1889,1890,1.4067431688308716,0.922015905380249
1890,1891,1.4066694974899292,0.9390268325805664
1891,1892,1.406596302986145,0.9293739795684814
1892,1893,1.4065228700637817,0.9289259910583496
1893,1894,1.406449556350708,0.9365339279174805
1894,1895,1.406376600265503,0.9353299140930176
1895,1896,1.4063035249710083,0.9285809993743896
1896,1897,1.4062304496765137,0.9345729351043701
1897,1898,1.4061574935913086,0.9281129837036133
1898,1899,1.406084656715393,0.922900915145874
1899,1900,1.406011939048767,0.9204368591308594
1900,1901,1.4059391021728516,0.9236900806427002
1901,1902,1.4058665037155151,0.9312567710876465
1902,1903,1.4057939052581787,0.9340968132019043
1903,1904,1.405721664428711,0.9214560985565186
1904,1905,1.4056493043899536,0.9244916439056396
1905,1906,1.4055770635604858,0.9343018531799316
1906,1907,1.4055047035217285,0.929095983505249
1907,1908,1.4054325819015503,0.9325251579284668
1908,1909,1.405360460281372,0.9291670322418213
1909,1910,1.4052884578704834,0.9265069961547852
1910,1911,1.4052166938781738,0.9217259883880615
1911,1912,1.4051445722579956,0.9260199069976807
1912,1913,1.4050729274749756,0.9216732978820801
1913,1914,1.4050012826919556,0.9286401271820068
1914,1915,1.404929757118225,0.9388470649719238
1915,1916,1.404858112335205,0.9348049163818359
1916,1917,1.4047865867614746,0.9285428524017334
1917,1918,1.4047152996063232,0.9335377216339111
1918,1919,1.4046437740325928,0.9301519393920898
1919,1920,1.404572606086731,0.9333338737487793
1920,1921,1.4045014381408691,0.9371387958526611
1921,1922,1.4044305086135864,0.9297018051147461
1922,1923,1.4043593406677246,0.9272110462188721
1923,1924,1.4042885303497314,0.9405078887939453
1924,1925,1.4042176008224487,1.0882649421691895
1925,1926,1.4041467905044556,0.9750778675079346
1926,1927,1.404076099395752,1.0063128471374512
1927,1928,1.4040054082870483,1.0149641036987305
1928,1929,1.4039349555969238,0.9482560157775879
1929,1930,1.4038643836975098,0.9302949905395508
1930,1931,1.4037939310073853,0.9342730045318604
1931,1932,1.4037237167358398,0.9333910942077637
1932,1933,1.4036535024642944,0.9365880489349365
1933,1934,1.4035831689834595,0.9370691776275635
1934,1935,1.403512954711914,0.9376850128173828
1935,1936,1.4034429788589478,0.9269320964813232
1936,1937,1.403373122215271,0.9415771961212158
1937,1938,1.4033030271530151,0.9373631477355957
1938,1939,1.403233289718628,0.9388320446014404
1939,1940,1.4031636714935303,0.9326369762420654
1940,1941,1.403093934059143,0.932802677154541
1941,1942,1.4030241966247559,0.9240818023681641
1942,1943,1.4029548168182373,0.925957202911377
1943,1944,1.4028853178024292,0.9532332420349121
1944,1945,1.4028159379959106,0.9321458339691162
1945,1946,1.402746319770813,0.936223030090332
1946,1947,1.4026771783828735,0.9392368793487549
1947,1948,1.402608036994934,0.933114767074585
1948,1949,1.4025390148162842,0.9377789497375488
1949,1950,1.4024699926376343,0.928800106048584
1950,1951,1.4024008512496948,0.9410140514373779
1951,1952,1.4023321866989136,0.9290609359741211
1952,1953,1.4022632837295532,0.9304289817810059
1953,1954,1.4021943807601929,0.9859580993652344
1954,1955,1.402125597000122,0.9387969970703125
1955,1956,1.40205717086792,0.9334158897399902
1956,1957,1.4019886255264282,0.9390621185302734
1957,1958,1.4019200801849365,0.9348528385162354
1958,1959,1.4018516540527344,0.9382059574127197
1959,1960,1.4017832279205322,0.9404778480529785
1960,1961,1.4017151594161987,0.9367790222167969
1961,1962,1.4016468524932861,0.9389657974243164
1962,1963,1.401578664779663,0.9674701690673828
1963,1964,1.4015107154846191,0.9584755897521973
1964,1965,1.4014426469802856,0.9432680606842041
1965,1966,1.4013746976852417,0.93424391746521
1966,1967,1.4013068675994873,0.9393949508666992
1967,1968,1.4012391567230225,0.9480719566345215
1968,1969,1.401171326637268,0.9384758472442627
1969,1970,1.4011036157608032,0.9424011707305908
1970,1971,1.4010361433029175,0.9338009357452393
1971,1972,1.4009685516357422,0.9496798515319824
1972,1973,1.4009010791778564,0.9396748542785645
1973,1974,1.4008337259292603,0.9335048198699951
1974,1975,1.400766372680664,0.9252970218658447
1975,1976,1.400699257850647,0.9423871040344238
1976,1977,1.4006320238113403,0.940410852432251
1977,1978,1.4005649089813232,0.9480161666870117
1978,1979,1.4004977941513062,0.959942102432251
1979,1980,1.4004307985305786,0.9435939788818359
1980,1981,1.4003640413284302,0.9355671405792236
1981,1982,1.4002970457077026,0.9396569728851318
1982,1983,1.4002302885055542,0.936431884765625
1983,1984,1.4001636505126953,0.9412400722503662
1984,1985,1.4000967741012573,0.9400899410247803
1985,1986,1.4000303745269775,0.9327371120452881
1986,1987,1.3999638557434082,0.9418509006500244
1987,1988,1.3998972177505493,0.934241771697998
1988,1989,1.399830937385559,0.9371120929718018
1989,1990,1.3997646570205688,0.9310081005096436
1990,1991,1.399698257446289,0.942842960357666
1991,1992,1.3996320962905884,0.944037914276123
1992,1993,1.3995660543441772,0.9400482177734375
1993,1994,1.3994998931884766,0.9458248615264893
1994,1995,1.3994338512420654,0.9281220436096191
1995,1996,1.3993680477142334,0.9390039443969727
1996,1997,1.3993022441864014,0.9357869625091553
1997,1998,1.3992364406585693,0.9367680549621582
1998,1999,1.3991703987121582,0.940288782119751
1999,2000,1.3991049528121948,0.9382479190826416
